id,symbol,start_date,end_date,start_price,end_price,return_pct,market_cap_at_start,sector,industry,peak_date,peak_price,peak_return_pct,52w_low_before,accumulation_distribution_ratio,accumulation_signal,avg_vix,buy_signals,daily_volatility_pct,days_below_10,days_below_20,days_from_start_to_buy_signal,entry_price,first_buy_signal_date,first_buy_signal_price,first_price_breakout_date,first_price_breakout_type,first_volume_breakout_date,first_volume_breakout_ratio,fmp_data_available,institutional_pct,max_daily_move_6m_pct,monthly_prices_prior,pct_above_52w_low,price_breakout_days,prior_year_trend_pct,return_from_buy_signal_to_peak_pct,short_pct_of_float,spy_return_same_period,volume_breakout_days,volume_ratio_3m_vs_12m
41,NVAX,2020-02-07,2021-02-08,6.31,319.93,4970.21,1037604531.0,Healthcare,Biotechnology,2021-02-08,319.93,4970.21,3.69,0.84,No,30.31,[],8.8732,194,238,,6.84,,,2021-01-29,52w_high,2020-02-26,5.43,No,0.72733,71.08,"{""M01"": 5.84, ""M02"": 33.2858, ""M03"": 11.1619, ""M04"": 10.9429, ""M05"": 7.0345, ""M06"": 5.547, ""M07"": 4.7759, ""M08"": 5.6641, ""M09"": 6.03, ""M10"": 4.6243, ""M11"": 4.1535, ""M12"": 4.1976}",85.37,"[{""date"": ""2021-01-29"", ""type"": ""52w_high"", ""price"": 220.94}, {""date"": ""2021-02-03"", ""type"": ""52w_high"", ""price"": 284.21}, {""date"": ""2021-02-05"", ""type"": ""52w_high"", ""price"": 290.18}]",-80.79,,0.2854,18.89,"[{""date"": ""2020-02-26"", ""volume_ratio"": 5.43, ""price"": 9.22, ""change_pct"": 15.97}, {""date"": ""2020-02-27"", ""volume_ratio"": 4.89, ""price"": 11.8, ""change_pct"": 27.98}, {""date"": ""2020-02-28"", ""volume_ratio"": 5.0, ""price"": 16.0, ""change_pct"": 35.59}, {""date"": ""2020-04-20"", ""volume_ratio"": 3.55, ""price"": 23.8, ""change_pct"": 24.74}, {""date"": ""2020-05-11"", ""volume_ratio"": 3.44, ""price"": 24.5, ""change_pct"": 30.81}, {""date"": ""2020-05-12"", ""volume_ratio"": 6.98, ""price"": 39.82, ""change_pct"": 62.53}, {""date"": ""2020-07-07"", ""volume_ratio"": 3.26, ""price"": 104.56, ""change_pct"": 31.62}, {""date"": ""2020-11-30"", ""volume_ratio"": 3.42, ""price"": 139.5, ""change_pct"": 10.99}, {""date"": ""2021-01-29"", ""volume_ratio"": 7.07, ""price"": 220.94, ""change_pct"": 64.87}]",2.47
40,NIO,2019-11-22,2020-11-23,1.94,55.38,2754.64,4572904023.0,Consumer Cyclical,Auto Manufacturers,2020-11-23,55.38,2754.64,1.32,0.61,No,28.37,"[{""date"": ""2020-06-03"", ""volume_ratio"": 4.08, ""price_breakout_type"": ""52w_high"", ""price"": 5.6}, {""date"": ""2020-06-03"", ""volume_ratio"": 4.08, ""price_breakout_type"": ""52w_high"", ""price"": 5.6}, {""date"": ""2020-06-30"", ""volume_ratio"": 3.14, ""price_breakout_type"": ""52w_high"", ""price"": 11.51}, {""date"": ""2020-07-06"", ""volume_ratio"": 3.14, ""price_breakout_type"": ""52w_high"", ""price"": 11.51}, {""date"": ""2020-06-30"", ""volume_ratio"": 3.61, ""price_breakout_type"": ""52w_high"", ""price"": 13.22}, {""date"": ""2020-07-07"", ""volume_ratio"": 3.61, ""price_breakout_type"": ""52w_high"", ""price"": 13.22}, {""date"": ""2020-08-25"", ""volume_ratio"": 3.37, ""price_breakout_type"": ""52w_high"", ""price"": 17.84}]",5.5775,249,251,194,1.98,2020-06-03,5.6,2020-06-03,52w_high,2019-12-30,7.75,Yes,0.26669002,36.84,"{""M01"": 6.6924, ""M02"": 8.1011, ""M03"": 6.5633, ""M04"": 4.9948, ""M05"": 4.3155, ""M06"": 2.6555, ""M07"": 3.3773, ""M08"": 3.0159, ""M09"": 2.757, ""M10"": 1.5335, ""M11"": 3.5371, ""M12"": 6.9047}",50.0,"[{""date"": ""2020-06-03"", ""type"": ""52w_high"", ""price"": 5.6}, {""date"": ""2020-06-08"", ""type"": ""52w_high"", ""price"": 5.97}, {""date"": ""2020-06-15"", ""type"": ""52w_high"", ""price"": 6.83}, {""date"": ""2020-06-18"", ""type"": ""52w_high"", ""price"": 7.18}, {""date"": ""2020-06-30"", ""type"": ""52w_high"", ""price"": 7.72}, {""date"": ""2020-07-09"", ""type"": ""52w_high"", ""price"": 14.57}, {""date"": ""2020-08-25"", ""type"": ""52w_high"", ""price"": 17.84}, {""date"": ""2020-09-29"", ""type"": ""52w_high"", ""price"": 20.85}, {""date"": ""2020-10-12"", ""type"": ""52w_high"", ""price"": 21.85}, {""date"": ""2020-10-14"", ""type"": ""52w_high"", ""price"": 26.5}]",-75.54,888.93,0.0723,16.48,"[{""date"": ""2019-12-30"", ""volume_ratio"": 7.75, ""price"": 3.72, ""change_pct"": 53.72}, {""date"": ""2020-06-03"", ""volume_ratio"": 4.08, ""price"": 5.6, ""change_pct"": 19.15}, {""date"": ""2020-07-06"", ""volume_ratio"": 3.14, ""price"": 11.51, ""change_pct"": 22.71}, {""date"": ""2020-07-07"", ""volume_ratio"": 3.61, ""price"": 13.22, ""change_pct"": 14.86}, {""date"": ""2020-08-25"", ""volume_ratio"": 3.37, ""price"": 17.84, ""change_pct"": 19.17}, {""date"": ""2020-08-26"", ""volume_ratio"": 3.52, ""price"": 20.44, ""change_pct"": 14.57}, {""date"": ""2020-10-14"", ""volume_ratio"": 4.32, ""price"": 26.5, ""change_pct"": 22.57}, {""date"": ""2020-10-15"", ""volume_ratio"": 3.66, ""price"": 28.07, ""change_pct"": 5.92}]",1.25
43,PENN,2020-03-18,2021-03-18,4.52,111.94,2376.55,604524919.0,Consumer Cyclical,Resorts & Casinos,2021-03-15,136.47,2919.25,7.33,0.65,No,29.04,[],4.5115,2,103,,7.33,,,2020-09-22,52w_high,2020-03-20,4.13,No,1.04813,44.8,"{""M01"": 26.6929, ""M02"": 34.4705, ""M03"": 20.0757, ""M04"": 21.309, ""M05"": 20.3232, ""M06"": 19.185, ""M07"": 18.8918, ""M08"": 18.2695, ""M09"": 19.699, ""M10"": 19.9687, ""M11"": 22.213, ""M12"": 24.6719}",0.0,"[{""date"": ""2020-09-22"", ""type"": ""52w_high"", ""price"": 74.36}, {""date"": ""2020-12-08"", ""type"": ""52w_high"", ""price"": 78.77}, {""date"": ""2020-12-14"", ""type"": ""52w_high"", ""price"": 79.01}, {""date"": ""2021-01-11"", ""type"": ""52w_high"", ""price"": 100.38}, {""date"": ""2021-01-14"", ""type"": ""52w_high"", ""price"": 106.43}, {""date"": ""2021-01-21"", ""type"": ""52w_high"", ""price"": 107.19}, {""date"": ""2021-02-02"", ""type"": ""52w_high"", ""price"": 110.61}, {""date"": ""2021-02-04"", ""type"": ""52w_high"", ""price"": 118.34}, {""date"": ""2021-03-11"", ""type"": ""52w_high"", ""price"": 130.97}, {""date"": ""2021-03-15"", ""type"": ""52w_high"", ""price"": 136.47}]",21.88,,0.1908,68.62,"[{""date"": ""2020-03-20"", ""volume_ratio"": 4.13, ""price"": 7.89, ""change_pct"": 29.56}]",1.62
46,PLUG,2020-01-27,2021-01-26,3.81,73.18,1820.73,5314285426.0,Industrials,Electrical Equipment & Parts,2021-01-26,73.18,1820.73,1.34,1.24,No,29.93,"[{""date"": ""2020-08-06"", ""volume_ratio"": 3.32, ""price_breakout_type"": ""52w_high"", ""price"": 10.73}]",3.8173,251,251,192,3.9,2020-08-06,10.73,2020-08-06,52w_high,2020-02-19,3.82,No,0.57418996,18.27,"{""M01"": 3.44, ""M02"": 1.5637, ""M03"": 2.25, ""M04"": 2.5538, ""M05"": 2.4755, ""M06"": 2.413, ""M07"": 2.2864, ""M08"": 2.1286, ""M09"": 2.56, ""M10"": 2.7409, ""M11"": 3.2875, ""M12"": 3.1329}",191.04,"[{""date"": ""2020-08-06"", ""type"": ""52w_high"", ""price"": 10.73}, {""date"": ""2020-08-17"", ""type"": ""52w_high"", ""price"": 12.2}, {""date"": ""2020-09-01"", ""type"": ""52w_high"", ""price"": 14.13}, {""date"": ""2020-10-02"", ""type"": ""52w_high"", ""price"": 14.14}, {""date"": ""2020-10-09"", ""type"": ""52w_high"", ""price"": 18.43}, {""date"": ""2020-11-05"", ""type"": ""52w_high"", ""price"": 18.84}, {""date"": ""2020-11-11"", ""type"": ""52w_high"", ""price"": 23.0}, {""date"": ""2020-11-16"", ""type"": ""52w_high"", ""price"": 25.0}, {""date"": ""2020-11-23"", ""type"": ""52w_high"", ""price"": 26.87}, {""date"": ""2020-12-08"", ""type"": ""52w_high"", ""price"": 28.74}]",153.4,582.01,0.2784,21.04,"[{""date"": ""2020-02-19"", ""volume_ratio"": 3.82, ""price"": 5.72, ""change_pct"": 17.94}, {""date"": ""2020-06-23"", ""volume_ratio"": 3.68, ""price"": 6.43, ""change_pct"": 15.44}, {""date"": ""2020-06-24"", ""volume_ratio"": 3.88, ""price"": 7.57, ""change_pct"": 17.73}, {""date"": ""2020-08-06"", ""volume_ratio"": 3.32, ""price"": 10.73, ""change_pct"": 15.01}]",2.05
3,AMC,2020-11-06,2021-11-08,24.9,450.6,1709.64,18469589168.0,Communication Services,Entertainment,2021-06-02,625.5,2412.05,20.8,0.8,No,19.99,"[{""date"": ""2021-05-26"", ""volume_ratio"": 3.56, ""price_breakout_type"": ""52w_high"", ""price"": 195.6}, {""date"": ""2021-05-26"", ""volume_ratio"": 3.56, ""price_breakout_type"": ""52w_high"", ""price"": 195.6}]",7.8133,0,0,201,24.6,2021-05-26,195.6,2021-05-27,52w_high,2021-01-15,4.26,No,0.3679,17.81,"{""M01"": 68.4751, ""M02"": 67.7632, ""M03"": 37.569, ""M04"": 30.8286, ""M05"": 46.47, ""M06"": 53.5182, ""M07"": 42.4864, ""M08"": 51.5429, ""M09"": 56.4905, ""M10"": 34.0318, ""M11"": 71.669, ""M12"": 78.4284}",18.27,"[{""date"": ""2021-05-27"", ""type"": ""52w_high"", ""price"": 265.2}, {""date"": ""2021-06-01"", ""type"": ""52w_high"", ""price"": 320.4}]",-64.91,219.79,0.1542,35.69,"[{""date"": ""2021-01-15"", ""volume_ratio"": 4.26, ""price"": 23.3, ""change_pct"": 6.88}, {""date"": ""2021-01-19"", ""volume_ratio"": 5.15, ""price"": 30.6, ""change_pct"": 31.33}, {""date"": ""2021-01-22"", ""volume_ratio"": 3.72, ""price"": 35.1, ""change_pct"": 17.79}, {""date"": ""2021-05-13"", ""volume_ratio"": 5.65, ""price"": 127.7, ""change_pct"": 23.74}, {""date"": ""2021-05-26"", ""volume_ratio"": 3.56, ""price"": 195.6, ""change_pct"": 19.2}, {""date"": ""2021-05-27"", ""volume_ratio"": 5.05, ""price"": 265.2, ""change_pct"": 35.58}, {""date"": ""2021-06-02"", ""volume_ratio"": 3.31, ""price"": 625.5, ""change_pct"": 95.22}]",1.41
25,FCEL,2019-12-09,2020-12-08,15.3,263.4,1621.57,810561350.0,Industrials,Electrical Equipment & Parts,2020-11-30,306.0,1900.0,4.8,0.52,No,28.69,"[{""date"": ""2020-11-16"", ""volume_ratio"": 4.8, ""price_breakout_type"": ""52w_high"", ""price"": 112.5}]",15.2669,54,111,343,16.8,2020-11-16,112.5,2020-10-08,ma200_cross,2019-12-31,5.05,No,0.42785,129.17,"{""M01"": 195.9429, ""M02"": 190.9895, ""M03"": 133.2, ""M04"": 95.4857, ""M05"": 50.9045, ""M06"": 12.975, ""M07"": 14.2909, ""M08"": 9.9955, ""M09"": 11.22, ""M10"": 9.0783, ""M11"": 18.84, ""M12"": 152.295}",250.0,"[{""date"": ""2020-10-08"", ""type"": ""ma200_cross"", ""price"": 71.4}, {""date"": ""2020-10-22"", ""type"": ""ma200_cross"", ""price"": 67.8}, {""date"": ""2020-11-03"", ""type"": ""ma200_cross"", ""price"": 69.6}, {""date"": ""2020-11-16"", ""type"": ""52w_high"", ""price"": 112.5}, {""date"": ""2020-11-25"", ""type"": ""52w_high"", ""price"": 265.2}]",-89.69,172.0,0.0739,19.86,"[{""date"": ""2019-12-31"", ""volume_ratio"": 5.05, ""price"": 75.3, ""change_pct"": 49.4}, {""date"": ""2020-04-27"", ""volume_ratio"": 3.22, ""price"": 71.4, ""change_pct"": 13.88}, {""date"": ""2020-06-10"", ""volume_ratio"": 4.76, ""price"": 101.1, ""change_pct"": 29.12}, {""date"": ""2020-08-19"", ""volume_ratio"": 3.91, ""price"": 95.1, ""change_pct"": 3.59}, {""date"": ""2020-11-16"", ""volume_ratio"": 4.8, ""price"": 112.5, ""change_pct"": 31.58}, {""date"": ""2020-11-18"", ""volume_ratio"": 6.08, ""price"": 153.0, ""change_pct"": 23.79}, {""date"": ""2020-11-19"", ""volume_ratio"": 4.38, ""price"": 160.8, ""change_pct"": 5.1}, {""date"": ""2020-11-23"", ""volume_ratio"": 3.74, ""price"": 256.5, ""change_pct"": 54.33}]",1.93
17,CVNA,2023-05-03,2024-05-03,1.414,24.334,1620.93,1012831776.0,Consumer Cyclical,Auto & Truck Dealerships,2024-05-03,24.334,1620.93,0.744,0.77,No,15.01,"[{""date"": ""2024-02-23"", ""volume_ratio"": 4.78, ""price_breakout_type"": ""52w_high"", ""price"": 13.846}, {""date"": ""2024-02-23"", ""volume_ratio"": 4.78, ""price_breakout_type"": ""52w_high"", ""price"": 13.846}]",10.7772,245,251,296,1.444,2024-02-23,13.846,2023-12-19,52w_high,2023-05-08,3.38,No,1.0873799,46.0,"{""M01"": 1.2989, ""M02"": 2.3049, ""M03"": 1.6428, ""M04"": 1.7189, ""M05"": 7.0129, ""M06"": 5.0167, ""M07"": 4.9237, ""M08"": 8.2044, ""M09"": 6.2011, ""M10"": 3.4751, ""M11"": 1.8393, ""M12"": 1.021}",94.09,"[{""date"": ""2023-12-19"", ""type"": ""52w_high"", ""price"": 11.96}, {""date"": ""2024-02-23"", ""type"": ""52w_high"", ""price"": 13.846}, {""date"": ""2024-03-01"", ""type"": ""52w_high"", ""price"": 16.592}, {""date"": ""2024-03-08"", ""type"": ""52w_high"", ""price"": 17.06}, {""date"": ""2024-03-20"", ""type"": ""52w_high"", ""price"": 17.284}, {""date"": ""2024-03-25"", ""type"": ""52w_high"", ""price"": 17.682}, {""date"": ""2024-05-02"", ""type"": ""52w_high"", ""price"": 23.3}]",-77.79,75.75,0.135,25.57,"[{""date"": ""2023-05-08"", ""volume_ratio"": 3.38, ""price"": 2.26, ""change_pct"": 26.12}, {""date"": ""2023-05-09"", ""volume_ratio"": 3.35, ""price"": 2.37, ""change_pct"": 4.87}, {""date"": ""2023-06-08"", ""volume_ratio"": 6.41, ""price"": 4.846, ""change_pct"": 56.02}, {""date"": ""2023-07-19"", ""volume_ratio"": 3.62, ""price"": 11.16, ""change_pct"": 40.2}, {""date"": ""2024-02-23"", ""volume_ratio"": 4.78, ""price"": 13.846, ""change_pct"": 32.09}, {""date"": ""2024-05-01"", ""volume_ratio"": 3.13, ""price"": 17.418, ""change_pct"": 5.03}]",0.88
59,SMMT,2023-09-13,2024-09-13,1.88,31.93,1598.4,1459185773.0,Healthcare,Biotechnology,2024-09-13,31.93,1598.4,0.68,0.7,No,15.05,"[{""date"": ""2024-05-01"", ""volume_ratio"": 3.11, ""price_breakout_type"": ""52w_high"", ""price"": 4.7}, {""date"": ""2024-05-30"", ""volume_ratio"": 6.71, ""price_breakout_type"": ""ma200_cross"", ""price"": 10.92}, {""date"": ""2024-05-30"", ""volume_ratio"": 6.71, ""price_breakout_type"": ""52w_high"", ""price"": 10.92}, {""date"": ""2024-09-09"", ""volume_ratio"": 12.07, ""price_breakout_type"": ""52w_high"", ""price"": 19.14}, {""date"": ""2024-09-09"", ""volume_ratio"": 12.07, ""price_breakout_type"": ""52w_high"", ""price"": 19.14}, {""date"": ""2024-09-09"", ""volume_ratio"": 4.09, ""price_breakout_type"": ""52w_high"", ""price"": 22.97}, {""date"": ""2024-09-10"", ""volume_ratio"": 4.09, ""price_breakout_type"": ""52w_high"", ""price"": 22.97}]",14.775,251,251,231,1.79,2024-05-01,4.7,2024-05-07,52w_high,2023-10-17,5.87,No,0.16478,23.3,"{""M01"": 4.1925, ""M02"": 2.4887, ""M03"": 1.65, ""M04"": 1.5403, ""M05"": 1.7252, ""M06"": 2.1867, ""M07"": 2.1223, ""M08"": 1.8296, ""M09"": 1.3733, ""M10"": 1.1276, ""M11"": 0.9862, ""M12"": 3.3436}",163.24,"[{""date"": ""2024-05-07"", ""type"": ""52w_high"", ""price"": 5.31}, {""date"": ""2024-05-30"", ""type"": ""ma200_cross"", ""price"": 10.92}, {""date"": ""2024-05-30"", ""type"": ""52w_high"", ""price"": 10.92}, {""date"": ""2024-07-26"", ""type"": ""52w_high"", ""price"": 11.55}, {""date"": ""2024-08-15"", ""type"": ""52w_high"", ""price"": 11.87}, {""date"": ""2024-08-19"", ""type"": ""52w_high"", ""price"": 12.25}, {""date"": ""2024-09-09"", ""type"": ""52w_high"", ""price"": 19.14}, {""date"": ""2024-09-12"", ""type"": ""52w_high"", ""price"": 27.41}]",41.94,579.36,0.256,26.96,"[{""date"": ""2023-10-17"", ""volume_ratio"": 5.87, ""price"": 2.02, ""change_pct"": 15.43}, {""date"": ""2024-05-01"", ""volume_ratio"": 3.11, ""price"": 4.7, ""change_pct"": 19.59}, {""date"": ""2024-05-30"", ""volume_ratio"": 6.71, ""price"": 10.92, ""change_pct"": 272.06}, {""date"": ""2024-09-09"", ""volume_ratio"": 12.07, ""price"": 19.14, ""change_pct"": 55.99}, {""date"": ""2024-09-10"", ""volume_ratio"": 4.09, ""price"": 22.97, ""change_pct"": 20.01}, {""date"": ""2024-09-12"", ""volume_ratio"": 3.34, ""price"": 27.41, ""change_pct"": 20.75}]",0.46
27,FUTU,2020-03-31,2021-03-31,9.1058,152.7123,1577.09,871884730.0,Financial Services,Capital Markets,2021-02-16,183.6547,1916.9,8.0193,1.04,No,27.44,[],3.5942,59,252,,8.8847,,,2020-11-13,52w_high,2020-05-20,6.8,No,0.48872003,21.74,"{""M01"": 10.5623, ""M02"": 11.7, ""M03"": 10.1205, ""M04"": 15.4154, ""M05"": 11.9834, ""M06"": 9.6323, ""M07"": 10.6657, ""M08"": 10.1928, ""M09"": 11.1707, ""M10"": 10.2762, ""M11"": 10.54, ""M12"": 9.7043}",10.79,"[{""date"": ""2020-11-13"", ""type"": ""52w_high"", ""price"": 40.4425}, {""date"": ""2020-11-19"", ""type"": ""52w_high"", ""price"": 44.7214}, {""date"": ""2021-01-04"", ""type"": ""52w_high"", ""price"": 47.0579}, {""date"": ""2021-01-08"", ""type"": ""52w_high"", ""price"": 62.0484}, {""date"": ""2021-01-12"", ""type"": ""52w_high"", ""price"": 68.1638}, {""date"": ""2021-01-14"", ""type"": ""52w_high"", ""price"": 70.2023}, {""date"": ""2021-01-19"", ""type"": ""52w_high"", ""price"": 77.9523}, {""date"": ""2021-02-01"", ""type"": ""52w_high"", ""price"": 100.962}, {""date"": ""2021-02-08"", ""type"": ""52w_high"", ""price"": 123.0775}, {""date"": ""2021-02-16"", ""type"": ""52w_high"", ""price"": 183.6547}]",-35.29,,0.0546,55.6,"[{""date"": ""2020-05-20"", ""volume_ratio"": 6.8, ""price"": 14.577, ""change_pct"": 7.37}]",1.06
67,W,2020-03-19,2021-03-19,23.52,335.36,1325.85,2611155238.0,Consumer Cyclical,Internet Retail,2020-08-26,342.4,1355.78,24.92,0.75,No,28.82,[],4.3003,0,0,,24.92,,,,,2020-08-11,4.32,No,1.2096801,26.68,"{""M01"": 101.4462, ""M02"": 85.5437, ""M03"": 89.3343, ""M04"": 150.9833, ""M05"": 147.44, ""M06"": 153.0, ""M07"": 143.3945, ""M08"": 117.1791, ""M09"": 122.8255, ""M10"": 106.9883, ""M11"": 84.3165, ""M12"": 86.8481}",0.0,[],-63.45,,0.21090001,65.81,"[{""date"": ""2020-08-11"", ""volume_ratio"": 4.32, ""price"": 309.13, ""change_pct"": 3.73}, {""date"": ""2020-11-03"", ""volume_ratio"": 3.28, ""price"": 274.11, ""change_pct"": 7.22}, {""date"": ""2021-01-14"", ""volume_ratio"": 3.99, ""price"": 329.87, ""change_pct"": 6.72}]",1.28
8,BE,2024-11-01,2025-11-05,9.94,141.41,1322.64,2827372048.0,Industrials,Electrical Equipment & Parts,2025-11-03,142.37,1332.29,8.58,0.78,No,18.7,"[{""date"": ""2025-07-24"", ""volume_ratio"": 4.16, ""price_breakout_type"": ""52w_high"", ""price"": 33.06}, {""date"": ""2025-07-24"", ""volume_ratio"": 4.16, ""price_breakout_type"": ""52w_high"", ""price"": 33.06}]",4.4621,39,251,265,9.6,2025-07-24,33.06,2025-05-12,ma200_cross,2024-11-08,3.19,No,0.92011,17.11,"{""M01"": 12.5714, ""M02"": 10.4135, ""M03"": 9.912, ""M04"": 10.7327, ""M05"": 13.4886, ""M06"": 14.2184, ""M07"": 13.5441, ""M08"": 11.4791, ""M09"": 10.435, ""M10"": 10.153, ""M11"": 12.041, ""M12"": 14.412}",11.89,"[{""date"": ""2025-05-12"", ""type"": ""ma200_cross"", ""price"": 18.91}, {""date"": ""2025-05-22"", ""type"": ""ma200_cross"", ""price"": 18.37}, {""date"": ""2025-06-03"", ""type"": ""ma200_cross"", ""price"": 20.41}, {""date"": ""2025-07-24"", ""type"": ""52w_high"", ""price"": 33.06}, {""date"": ""2025-07-30"", ""type"": ""52w_high"", ""price"": 37.62}, {""date"": ""2025-08-06"", ""type"": ""52w_high"", ""price"": 38.86}, {""date"": ""2025-08-12"", ""type"": ""52w_high"", ""price"": 41.25}, {""date"": ""2025-08-22"", ""type"": ""52w_high"", ""price"": 48.54}, {""date"": ""2025-09-04"", ""type"": ""52w_high"", ""price"": 54.91}, {""date"": ""2025-09-10"", ""type"": ""52w_high"", ""price"": 62.96}]",-16.15,330.64,0.0934,19.69,"[{""date"": ""2024-11-08"", ""volume_ratio"": 3.19, ""price"": 13.17, ""change_pct"": 23.43}, {""date"": ""2024-11-15"", ""volume_ratio"": 5.94, ""price"": 21.14, ""change_pct"": 59.19}, {""date"": ""2024-11-18"", ""volume_ratio"": 3.08, ""price"": 22.81, ""change_pct"": 7.9}, {""date"": ""2025-07-09"", ""volume_ratio"": 3.65, ""price"": 28.71, ""change_pct"": 18.15}, {""date"": ""2025-07-24"", ""volume_ratio"": 4.16, ""price"": 33.06, ""change_pct"": 22.95}]",0.83
68,WKHS,2020-02-05,2021-02-04,9270.0,124020.0,1237.86,100980177210.0,Consumer Cyclical,Auto Manufacturers,2021-02-04,124020.0,1237.86,1533.0,0.95,No,30.26,[],15.213,0,0,,9210.0,,,2020-09-08,52w_high,2020-06-09,3.28,No,0.0068300003,27.24,"{""M01"": 9752.1429, ""M02"": 3588.4737, ""M03"": 2476.2857, ""M04"": 1976.2857, ""M05"": 4667.0455, ""M06"": 7339.5, ""M07"": 10699.0909, ""M08"": 11405.4545, ""M09"": 10000.5, ""M10"": 10141.3043, ""M11"": 8167.5, ""M12"": 9172.1429}",500.78,"[{""date"": ""2020-09-08"", ""type"": ""52w_high"", ""price"": 64140.0}, {""date"": ""2020-09-11"", ""type"": ""52w_high"", ""price"": 71070.0}, {""date"": ""2020-09-16"", ""type"": ""52w_high"", ""price"": 80460.0}, {""date"": ""2021-01-26"", ""type"": ""52w_high"", ""price"": 96540.0}, {""date"": ""2021-02-01"", ""type"": ""52w_high"", ""price"": 116580.0}]",236.22,,0.040799998,16.86,"[{""date"": ""2020-06-09"", ""volume_ratio"": 3.28, ""price"": 11220.0, ""change_pct"": 18.73}, {""date"": ""2020-06-10"", ""volume_ratio"": 3.42, ""price"": 12150.0, ""change_pct"": 8.29}, {""date"": ""2020-06-18"", ""volume_ratio"": 3.11, ""price"": 13620.0, ""change_pct"": 9.79}, {""date"": ""2020-06-22"", ""volume_ratio"": 3.77, ""price"": 17760.0, ""change_pct"": 21.31}, {""date"": ""2020-06-23"", ""volume_ratio"": 4.12, ""price"": 20850.0, ""change_pct"": 17.4}, {""date"": ""2020-06-24"", ""volume_ratio"": 8.44, ""price"": 25530.0, ""change_pct"": 22.45}, {""date"": ""2020-06-29"", ""volume_ratio"": 5.44, ""price"": 43530.0, ""change_pct"": 46.57}, {""date"": ""2020-06-30"", ""volume_ratio"": 5.19, ""price"": 52170.0, ""change_pct"": 19.85}, {""date"": ""2020-07-01"", ""volume_ratio"": 3.31, ""price"": 57540.0, ""change_pct"": 10.29}, {""date"": ""2021-01-26"", ""volume_ratio"": 4.85, ""price"": 96540.0, ""change_pct"": 30.23}]",0.69
58,SMCI,2023-03-13,2024-03-13,8.928,118.807,1230.72,5361102867.0,Technology,Computer Hardware,2024-03-13,118.807,1230.72,3.483,0.69,No,15.65,"[{""date"": ""2024-01-19"", ""volume_ratio"": 5.46, ""price_breakout_type"": ""52w_high"", ""price"": 42.336}]",4.385,247,250,312,9.276,2024-01-19,42.336,2024-01-19,52w_high,2023-05-03,4.24,No,0.62465,12.5,"{""M01"": 7.807, ""M02"": 8.9682, ""M03"": 6.2426, ""M04"": 3.912, ""M05"": 5.0153, ""M06"": 4.725, ""M07"": 4.5015, ""M08"": 6.4826, ""M09"": 5.9712, ""M10"": 6.0264, ""M11"": 8.3839, ""M12"": 8.4296}",166.32,"[{""date"": ""2024-01-19"", ""type"": ""52w_high"", ""price"": 42.336}, {""date"": ""2024-01-29"", ""type"": ""52w_high"", ""price"": 49.567}, {""date"": ""2024-02-05"", ""type"": ""52w_high"", ""price"": 66.335}, {""date"": ""2024-03-04"", ""type"": ""52w_high"", ""price"": 107.434}, {""date"": ""2024-03-12"", ""type"": ""52w_high"", ""price"": 116.3}]",137.82,180.63,0.1933,36.14,"[{""date"": ""2023-05-03"", ""volume_ratio"": 4.24, ""price"": 13.395, ""change_pct"": 28.27}, {""date"": ""2024-01-19"", ""volume_ratio"": 5.46, ""price"": 42.336, ""change_pct"": 35.94}]",1.91
19,CZR,2020-03-18,2021-03-18,7.1,90.6,1176.06,1446106203.0,Consumer Cyclical,Resorts & Casinos,2021-03-15,101.2,1325.35,10.09,0.39,No,29.04,[],4.7419,0,4,,10.09,,,2020-11-24,52w_high,2020-09-30,3.55,No,1.15988,37.51,"{""M01"": 59.5248, ""M02"": 62.7363, ""M03"": 36.621, ""M04"": 49.221, ""M05"": 48.265, ""M06"": 49.6475, ""M07"": 46.2855, ""M08"": 39.9814, ""M09"": 40.925, ""M10"": 42.2513, ""M11"": 51.2355, ""M12"": 55.8207}",0.0,"[{""date"": ""2020-11-24"", ""type"": ""52w_high"", ""price"": 70.1}, {""date"": ""2020-11-27"", ""type"": ""52w_high"", ""price"": 70.1}, {""date"": ""2020-12-03"", ""type"": ""52w_high"", ""price"": 71.13}, {""date"": ""2020-12-16"", ""type"": ""52w_high"", ""price"": 75.84}, {""date"": ""2021-01-07"", ""type"": ""52w_high"", ""price"": 78.06}, {""date"": ""2021-01-12"", ""type"": ""52w_high"", ""price"": 79.08}, {""date"": ""2021-01-15"", ""type"": ""52w_high"", ""price"": 80.0}, {""date"": ""2021-01-21"", ""type"": ""52w_high"", ""price"": 80.72}, {""date"": ""2021-02-05"", ""type"": ""52w_high"", ""price"": 82.88}, {""date"": ""2021-02-19"", ""type"": ""52w_high"", ""price"": 83.16}]",-16.05,,0.1122,68.62,"[{""date"": ""2020-09-30"", ""volume_ratio"": 3.55, ""price"": 56.06, ""change_pct"": 2.88}]",1.67
42,OVV,2020-03-09,2021-03-09,1.8437,22.708,1131.68,522385593.0,Energy,Oil & Gas E&P,2021-03-05,24.562,1232.25,6.594,0.49,No,30.23,[],3.691,8,163,,6.594,,,2020-10-22,ma200_cross,2020-09-18,3.33,No,0.83179003,16.63,"{""M01"": 17.0077, ""M02"": 12.5917, ""M03"": 24.2364, ""M04"": 29.675, ""M05"": 26.3582, ""M06"": 20.4592, ""M07"": 19.2827, ""M08"": 17.711, ""M09"": 19.6786, ""M10"": 17.5159, ""M11"": 17.8434, ""M12"": 17.8215}",0.0,"[{""date"": ""2020-10-22"", ""type"": ""ma200_cross"", ""price"": 8.7662}, {""date"": ""2020-10-30"", ""type"": ""ma200_cross"", ""price"": 8.073}, {""date"": ""2021-02-03"", ""type"": ""52w_high"", ""price"": 16.1128}, {""date"": ""2021-02-11"", ""type"": ""52w_high"", ""price"": 18.1434}, {""date"": ""2021-02-23"", ""type"": ""52w_high"", ""price"": 20.6155}, {""date"": ""2021-03-01"", ""type"": ""52w_high"", ""price"": 21.6485}]",-61.45,,0.040799998,41.8,"[{""date"": ""2020-09-18"", ""volume_ratio"": 3.33, ""price"": 8.9417, ""change_pct"": 3.03}]",0.93
6,ASTS,2024-04-30,2025-05-02,2.21,26.42,1095.48,660080004.0,Technology,Communication Equipment,2024-08-19,38.6,1646.61,2.01,0.64,No,18.14,[],5.7533,251,251,,2.33,,,2025-01-31,ma200_cross,2024-05-16,12.38,No,0.46372002,25.72,"{""M01"": 3.9231, ""M02"": 3.1458, ""M03"": 2.972, ""M04"": 2.1883, ""M05"": 5.1418, ""M06"": 5.8419, ""M07"": 4.183, ""M08"": 4.0493, ""M09"": 3.8695, ""M10"": 3.2782, ""M11"": 4.3433, ""M12"": 5.4945}",15.92,"[{""date"": ""2025-01-31"", ""type"": ""ma200_cross"", ""price"": 20.24}, {""date"": ""2025-04-09"", ""type"": ""ma200_cross"", ""price"": 24.14}]",-57.63,,0.2133,12.67,"[{""date"": ""2024-05-16"", ""volume_ratio"": 12.38, ""price"": 4.03, ""change_pct"": 68.62}, {""date"": ""2024-05-17"", ""volume_ratio"": 4.59, ""price"": 4.54, ""change_pct"": 12.66}, {""date"": ""2024-05-29"", ""volume_ratio"": 6.76, ""price"": 9.02, ""change_pct"": 69.23}, {""date"": ""2024-08-15"", ""volume_ratio"": 4.86, ""price"": 31.36, ""change_pct"": 50.7}, {""date"": ""2024-08-16"", ""volume_ratio"": 3.66, ""price"": 31.03, ""change_pct"": -1.05}, {""date"": ""2025-01-23"", ""volume_ratio"": 4.88, ""price"": 19.8, ""change_pct"": -11.96}]",1.27
49,QXO,2023-06-08,2024-06-10,19.7544,235.61,1092.7,14320516379.0,Industrials,Industrial Distribution,2024-06-10,235.61,1092.7,14.8158,0.59,No,14.59,[],4.0999,0,116,,19.5011,,,2023-12-27,52w_high,2023-07-19,4.01,No,1.03152,14.19,"{""M01"": 20.3812, ""M02"": 22.0837, ""M03"": 19.1074, ""M04"": 20.2176, ""M05"": 19.6738, ""M06"": 17.1373, ""M07"": 18.1556, ""M08"": 21.863, ""M09"": 17.8157, ""M10"": 24.7502, ""M11"": 24.8045, ""M12"": 20.4991}",31.62,"[{""date"": ""2023-12-27"", ""type"": ""52w_high"", ""price"": 86.9752}, {""date"": ""2024-01-04"", ""type"": ""52w_high"", ""price"": 123.2981}, {""date"": ""2024-06-06"", ""type"": ""52w_high"", ""price"": 220.0}]",19.15,,0.1238,26.24,"[{""date"": ""2023-07-19"", ""volume_ratio"": 4.01, ""price"": 21.084, ""change_pct"": -6.72}, {""date"": ""2023-07-27"", ""volume_ratio"": 4.09, ""price"": 22.287, ""change_pct"": 5.07}, {""date"": ""2023-07-28"", ""volume_ratio"": 6.5, ""price"": 23.1101, ""change_pct"": 3.69}, {""date"": ""2023-08-10"", ""volume_ratio"": 5.09, ""price"": 25.1995, ""change_pct"": 5.01}, {""date"": ""2023-09-27"", ""volume_ratio"": 4.41, ""price"": 20.0609, ""change_pct"": 0.33}, {""date"": ""2023-11-02"", ""volume_ratio"": 4.77, ""price"": 21.3939, ""change_pct"": 2.88}, {""date"": ""2023-12-04"", ""volume_ratio"": 19.91, ""price"": 83.2429, ""change_pct"": 240.33}, {""date"": ""2024-04-15"", ""volume_ratio"": 5.05, ""price"": 92.6402, ""change_pct"": 9.54}, {""date"": ""2024-05-28"", ""volume_ratio"": 4.87, ""price"": 118.0996, ""change_pct"": 10.82}, {""date"": ""2024-06-05"", ""volume_ratio"": 4.1, ""price"": 130.48, ""change_pct"": -0.17}]",0.06
53,RIOT,2016-12-19,2017-12-19,3.2461,38.6,1089.13,1227516708.0,Financial Services,Capital Markets,2017-12-19,38.6,1089.13,2.06,5.34,Yes,11.16,"[{""date"": ""2017-08-31"", ""volume_ratio"": 3.31, ""price_breakout_type"": ""ma200_cross"", ""price"": 3.5314}]",6.384,183,183,255,3.3531,2017-08-31,3.5314,2017-08-31,ma200_cross,2017-03-10,4.4,Yes,0.79917,46.67,"{""M03"": 2.4078, ""M04"": 2.6606, ""M05"": 2.9614, ""M06"": 3.1136, ""M07"": 3.105, ""M08"": 2.922, ""M09"": 3.3433, ""M10"": 2.3543, ""M11"": 2.4322, ""M12"": 3.5571}",62.77,"[{""date"": ""2017-08-31"", ""type"": ""ma200_cross"", ""price"": 3.5314}, {""date"": ""2017-09-19"", ""type"": ""52w_high"", ""price"": 4.1022}, {""date"": ""2017-09-28"", ""type"": ""52w_high"", ""price"": 4.441}, {""date"": ""2017-10-09"", ""type"": ""52w_high"", ""price"": 7.7941}, {""date"": ""2017-10-20"", ""type"": ""52w_high"", ""price"": 8.49}, {""date"": ""2017-11-20"", ""type"": ""52w_high"", ""price"": 10.35}, {""date"": ""2017-12-12"", ""type"": ""52w_high"", ""price"": 28.2}, {""date"": ""2017-12-15"", ""type"": ""52w_high"", ""price"": 28.5}]",19.25,993.05,0.1423,21.23,"[{""date"": ""2017-03-10"", ""volume_ratio"": 4.4, ""price"": 3.0677, ""change_pct"": 5.85}, {""date"": ""2017-03-29"", ""volume_ratio"": 6.25, ""price"": 3.5787, ""change_pct"": 14.33}, {""date"": ""2017-03-30"", ""volume_ratio"": 3.96, ""price"": 3.5225, ""change_pct"": -1.57}, {""date"": ""2017-05-31"", ""volume_ratio"": 3.34, ""price"": 3.469, ""change_pct"": 4.99}, {""date"": ""2017-08-31"", ""volume_ratio"": 3.31, ""price"": 3.5314, ""change_pct"": 9.7}, {""date"": ""2017-09-07"", ""volume_ratio"": 6.22, ""price"": 3.4779, ""change_pct"": -1.52}, {""date"": ""2017-09-12"", ""volume_ratio"": 4.2, ""price"": 3.5403, ""change_pct"": 4.47}, {""date"": ""2017-09-15"", ""volume_ratio"": 3.03, ""price"": 3.79, ""change_pct"": 4.17}, {""date"": ""2017-10-03"", ""volume_ratio"": 7.15, ""price"": 7.2145, ""change_pct"": 25.52}, {""date"": ""2017-10-09"", ""volume_ratio"": 7.54, ""price"": 7.7941, ""change_pct"": 18.11}]",1.13
13,CAR,2020-11-02,2021-11-02,28.9973,339.3498,1070.28,1024329217.0,Industrials,Rental & Leasing Services,2021-11-02,339.3498,1070.28,7.3918,1.36,No,20.25,[],7.5288,2,55,,31.9901,,,2021-06-08,52w_high,,,No,1.4278301,24.16,"{""M01"": 32.5122, ""M02"": 36.9687, ""M03"": 17.1948, ""M04"": 13.1278, ""M05"": 14.3062, ""M06"": 24.3841, ""M07"": 26.4225, ""M08"": 29.7225, ""M09"": 29.8026, ""M10"": 31.2879, ""M11"": 28.5077, ""M12"": 30.1668}",332.78,"[{""date"": ""2021-06-08"", ""type"": ""52w_high"", ""price"": 87.2769}, {""date"": ""2021-06-11"", ""type"": ""52w_high"", ""price"": 89.5381}, {""date"": ""2021-09-02"", ""type"": ""52w_high"", ""price"": 90.2507}, {""date"": ""2021-09-16"", ""type"": ""52w_high"", ""price"": 93.8611}, {""date"": ""2021-09-22"", ""type"": ""52w_high"", ""price"": 95.0107}, {""date"": ""2021-10-01"", ""type"": ""52w_high"", ""price"": 115.8086}, {""date"": ""2021-10-05"", ""type"": ""52w_high"", ""price"": 122.3548}, {""date"": ""2021-10-08"", ""type"": ""52w_high"", ""price"": 131.3048}, {""date"": ""2021-10-18"", ""type"": ""52w_high"", ""price"": 150.421}]",11.28,,0.8056,41.28,[],0.61
62,SOUN,2023-12-26,2024-12-26,2.13,24.23,1037.56,838671357.0,Technology,Software - Application,2024-12-26,24.23,1037.56,0.989,0.91,No,15.55,[],9.9384,250,250,,2.07,,,2024-11-29,52w_high,2024-02-09,4.5,No,0.52902,23.71,"{""M01"": 1.358, ""M02"": 3.5324, ""M03"": 2.2533, ""M04"": 2.7063, ""M05"": 2.7155, ""M06"": 3.4829, ""M07"": 3.293, ""M08"": 2.2674, ""M09"": 2.114, ""M10"": 1.7968, ""M11"": 2.0143, ""M12"": 1.9569}",109.3,"[{""date"": ""2024-11-29"", ""type"": ""52w_high"", ""price"": 9.31}, {""date"": ""2024-12-04"", ""type"": ""52w_high"", ""price"": 10.15}, {""date"": ""2024-12-13"", ""type"": ""52w_high"", ""price"": 16.91}, {""date"": ""2024-12-18"", ""type"": ""52w_high"", ""price"": 20.845}, {""date"": ""2024-12-20"", ""type"": ""52w_high"", ""price"": 21.755}]",76.45,,0.3759,28.04,"[{""date"": ""2024-02-09"", ""volume_ratio"": 4.5, ""price"": 2.26, ""change_pct"": 15.9}, {""date"": ""2024-02-16"", ""volume_ratio"": 3.78, ""price"": 3.82, ""change_pct"": 1.6}, {""date"": ""2024-02-26"", ""volume_ratio"": 3.95, ""price"": 5.75, ""change_pct"": 46.68}, {""date"": ""2024-07-10"", ""volume_ratio"": 4.54, ""price"": 5.07, ""change_pct"": 22.46}, {""date"": ""2024-07-12"", ""volume_ratio"": 3.91, ""price"": 6.2, ""change_pct"": 15.46}, {""date"": ""2024-12-05"", ""volume_ratio"": 3.01, ""price"": 13.33, ""change_pct"": 31.33}, {""date"": ""2024-12-06"", ""volume_ratio"": 3.02, ""price"": 15.01, ""change_pct"": 12.6}]",0.61
5,APP,2024-02-13,2025-02-14,45.83,510.13,1013.09,14011697560.0,Communication Services,Advertising Agencies,2025-02-14,510.13,1013.09,12.31,1.27,No,15.98,"[{""date"": ""2024-11-07"", ""volume_ratio"": 4.17, ""price_breakout_type"": ""52w_high"", ""price"": 246.53}, {""date"": ""2024-11-07"", ""volume_ratio"": 3.0, ""price_breakout_type"": ""52w_high"", ""price"": 290.01}, {""date"": ""2024-11-08"", ""volume_ratio"": 3.0, ""price_breakout_type"": ""52w_high"", ""price"": 290.01}, {""date"": ""2024-11-15"", ""volume_ratio"": 3.66, ""price_breakout_type"": ""52w_high"", ""price"": 291.09}]",3.7435,0,61,268,47.06,2024-11-07,246.53,2024-08-21,52w_high,2024-02-15,3.48,No,0.83026004,11.96,"{""M01"": 41.494, ""M02"": 27.9084, ""M03"": 13.7552, ""M04"": 16.2295, ""M05"": 21.4268, ""M06"": 23.8602, ""M07"": 28.2735, ""M08"": 37.007, ""M09"": 40.9105, ""M10"": 38.7205, ""M11"": 39.5819, ""M12"": 39.3245}",282.29,"[{""date"": ""2024-08-21"", ""type"": ""52w_high"", ""price"": 90.89}, {""date"": ""2024-08-29"", ""type"": ""52w_high"", ""price"": 91.61}, {""date"": ""2024-09-11"", ""type"": ""52w_high"", ""price"": 97.57}, {""date"": ""2024-09-19"", ""type"": ""52w_high"", ""price"": 124.0}, {""date"": ""2024-10-02"", ""type"": ""52w_high"", ""price"": 131.36}, {""date"": ""2024-10-10"", ""type"": ""52w_high"", ""price"": 144.84}, {""date"": ""2024-10-21"", ""type"": ""52w_high"", ""price"": 158.85}, {""date"": ""2024-10-25"", ""type"": ""52w_high"", ""price"": 161.63}, {""date"": ""2024-11-07"", ""type"": ""52w_high"", ""price"": 246.53}, {""date"": ""2024-11-15"", ""type"": ""52w_high"", ""price"": 291.09}]",211.53,106.92,0.042600002,24.99,"[{""date"": ""2024-02-15"", ""volume_ratio"": 3.48, ""price"": 58.5, ""change_pct"": 24.81}, {""date"": ""2024-05-09"", ""volume_ratio"": 3.77, ""price"": 84.69, ""change_pct"": 14.45}, {""date"": ""2024-11-07"", ""volume_ratio"": 4.17, ""price"": 246.53, ""change_pct"": 46.27}, {""date"": ""2024-11-08"", ""volume_ratio"": 3.0, ""price"": 290.01, ""change_pct"": 17.64}, {""date"": ""2024-11-15"", ""volume_ratio"": 3.66, ""price"": 291.09, ""change_pct"": 2.32}]",1.04
64,TSLA,2019-08-30,2020-08-31,15.0407,166.1067,1004.38,56488716027.0,Consumer Cyclical,Auto Manufacturers,2020-08-31,166.1067,1004.38,11.9313,0.92,No,25.31,[],3.5877,0,170,,14.7807,,,2020-03-19,ma200_cross,2019-10-24,3.52,Yes,0.46085,13.61,"{""M01"": 21.233, ""M02"": 20.5152, ""M03"": 18.5171, ""M04"": 17.777, ""M05"": 14.6477, ""M06"": 14.2478, ""M07"": 16.1588, ""M08"": 15.4535, ""M09"": 19.3432, ""M10"": 18.9995, ""M11"": 22.9663, ""M12"": 22.9406}",23.88,"[{""date"": ""2020-03-19"", ""type"": ""ma200_cross"", ""price"": 28.5093}, {""date"": ""2020-06-08"", ""type"": ""52w_high"", ""price"": 63.328}, {""date"": ""2020-06-10"", ""type"": ""52w_high"", ""price"": 68.3367}, {""date"": ""2020-06-30"", ""type"": ""52w_high"", ""price"": 71.9873}, {""date"": ""2020-07-09"", ""type"": ""52w_high"", ""price"": 92.952}, {""date"": ""2020-07-15"", ""type"": ""52w_high"", ""price"": 103.0673}, {""date"": ""2020-07-20"", ""type"": ""52w_high"", ""price"": 109.5333}, {""date"": ""2020-08-14"", ""type"": ""52w_high"", ""price"": 110.0473}, {""date"": ""2020-08-20"", ""type"": ""52w_high"", ""price"": 133.4553}, {""date"": ""2020-08-26"", ""type"": ""52w_high"", ""price"": 143.5447}]",-23.24,,0.021300001,22.27,"[{""date"": ""2019-10-24"", ""volume_ratio"": 3.52, ""price"": 19.9787, ""change_pct"": 17.67}, {""date"": ""2019-10-25"", ""volume_ratio"": 3.2, ""price"": 21.8753, ""change_pct"": 9.49}]",0.89
30,INO,2019-06-28,2020-06-29,35.28,380.28,977.89,2878564208.0,Healthcare,Biotechnology,2020-06-29,380.28,977.89,27.48,0.86,No,23.72,"[{""date"": ""2020-01-21"", ""volume_ratio"": 4.41, ""price_breakout_type"": ""52w_high"", ""price"": 42.72}, {""date"": ""2020-03-03"", ""volume_ratio"": 6.12, ""price_breakout_type"": ""52w_high"", ""price"": 89.4}, {""date"": ""2020-03-03"", ""volume_ratio"": 3.54, ""price_breakout_type"": ""52w_high"", ""price"": 117.6}, {""date"": ""2020-03-03"", ""volume_ratio"": 4.72, ""price_breakout_type"": ""52w_high"", ""price"": 169.08}]",3.8578,0,0,207,35.04,2020-01-21,42.72,2020-01-27,52w_high,2019-12-19,5.97,No,0.41919997,21.15,"{""M01"": 57.6571, ""M02"": 50.3053, ""M03"": 43.2286, ""M04"": 46.5429, ""M05"": 41.3727, ""M06"": 32.0743, ""M07"": 51.0457, ""M08"": 54.4435, ""M09"": 62.3179, ""M10"": 63.9183, ""M11"": 61.68, ""M12"": 55.8821}",27.51,"[{""date"": ""2020-01-27"", ""type"": ""52w_high"", ""price"": 63.84}, {""date"": ""2020-03-03"", ""type"": ""52w_high"", ""price"": 89.4}, {""date"": ""2020-04-24"", ""type"": ""52w_high"", ""price"": 175.08}, {""date"": ""2020-05-20"", ""type"": ""52w_high"", ""price"": 189.48}, {""date"": ""2020-06-23"", ""type"": ""52w_high"", ""price"": 258.84}]",-40.39,790.17,0.17879999,4.45,"[{""date"": ""2019-12-19"", ""volume_ratio"": 5.97, ""price"": 41.28, ""change_pct"": 30.8}, {""date"": ""2020-01-21"", ""volume_ratio"": 4.41, ""price"": 42.72, ""change_pct"": 8.21}, {""date"": ""2020-03-03"", ""volume_ratio"": 6.12, ""price"": 89.4, ""change_pct"": 69.7}, {""date"": ""2020-03-05"", ""volume_ratio"": 3.54, ""price"": 117.6, ""change_pct"": 22.04}, {""date"": ""2020-03-06"", ""volume_ratio"": 4.72, ""price"": 169.08, ""change_pct"": 43.78}, {""date"": ""2020-04-24"", ""volume_ratio"": 3.99, ""price"": 175.08, ""change_pct"": 21.28}, {""date"": ""2020-06-23"", ""volume_ratio"": 6.69, ""price"": 258.84, ""change_pct"": 40.98}, {""date"": ""2020-06-24"", ""volume_ratio"": 4.08, ""price"": 286.44, ""change_pct"": 10.66}, {""date"": ""2020-06-25"", ""volume_ratio"": 3.87, ""price"": 375.0, ""change_pct"": 30.92}]",1.06
33,LC,2020-10-30,2021-11-01,4.67,47.61,919.49,538688820.0,Financial Services,Banks - Regional,2021-11-01,47.61,919.49,4.41,0.59,No,20.34,"[{""date"": ""2021-07-29"", ""volume_ratio"": 13.02, ""price_breakout_type"": ""52w_high"", ""price"": 24.02}]",4.5071,164,252,272,4.73,2021-07-29,24.02,2021-07-29,52w_high,2020-11-05,3.18,No,0.94996,11.96,"{""M01"": 12.171, ""M02"": 12.1989, ""M03"": 9.2232, ""M04"": 7.5533, ""M05"": 5.8085, ""M06"": 5.3345, ""M07"": 5.2368, ""M08"": 5.6138, ""M09"": 4.9438, ""M10"": 5.3509, ""M11"": 13.737, ""M12"": 12.7952}",7.26,"[{""date"": ""2021-07-29"", ""type"": ""52w_high"", ""price"": 24.02}, {""date"": ""2021-08-11"", ""type"": ""52w_high"", ""price"": 29.36}, {""date"": ""2021-08-31"", ""type"": ""52w_high"", ""price"": 31.06}, {""date"": ""2021-09-07"", ""type"": ""52w_high"", ""price"": 32.16}, {""date"": ""2021-10-13"", ""type"": ""52w_high"", ""price"": 32.23}, {""date"": ""2021-10-20"", ""type"": ""52w_high"", ""price"": 35.17}, {""date"": ""2021-10-25"", ""type"": ""52w_high"", ""price"": 35.64}, {""date"": ""2021-10-28"", ""type"": ""52w_high"", ""price"": 42.07}]",-63.39,98.21,0.0543,42.62,"[{""date"": ""2020-11-05"", ""volume_ratio"": 3.18, ""price"": 5.56, ""change_pct"": 4.12}, {""date"": ""2020-12-31"", ""volume_ratio"": 6.38, ""price"": 10.56, ""change_pct"": 26.16}, {""date"": ""2021-03-12"", ""volume_ratio"": 3.99, ""price"": 15.08, ""change_pct"": 18.0}, {""date"": ""2021-07-29"", ""volume_ratio"": 13.02, ""price"": 24.02, ""change_pct"": 47.82}]",1.01
54,RKLB,2024-08-07,2025-08-11,4.58,45.02,882.97,2650679534.0,Industrials,Aerospace & Defense,2025-07-18,51.39,1022.05,3.53,1.02,No,19.18,[],3.7565,251,251,,4.715,,,2025-06-23,52w_high,2024-08-15,3.36,No,0.60109,13.13,"{""M01"": 5.1167, ""M02"": 4.486, ""M03"": 4.219, ""M04"": 3.735, ""M05"": 4.2159, ""M06"": 4.6116, ""M07"": 5.2041, ""M08"": 5.8352, ""M09"": 5.179, ""M10"": 4.3427, ""M11"": 4.3514, ""M12"": 4.879}",33.57,"[{""date"": ""2025-06-23"", ""type"": ""52w_high"", ""price"": 32.78}, {""date"": ""2025-06-26"", ""type"": ""52w_high"", ""price"": 36.14}, {""date"": ""2025-07-07"", ""type"": ""52w_high"", ""price"": 38.88}, {""date"": ""2025-07-09"", ""type"": ""52w_high"", ""price"": 39.14}, {""date"": ""2025-07-14"", ""type"": ""52w_high"", ""price"": 43.21}]",-14.06,,0.054899998,24.38,"[{""date"": ""2024-08-15"", ""volume_ratio"": 3.36, ""price"": 5.83, ""change_pct"": 12.55}, {""date"": ""2024-08-16"", ""volume_ratio"": 6.95, ""price"": 6.56, ""change_pct"": 12.52}, {""date"": ""2024-08-19"", ""volume_ratio"": 3.67, ""price"": 7.19, ""change_pct"": 9.6}, {""date"": ""2025-01-21"", ""volume_ratio"": 3.34, ""price"": 31.27, ""change_pct"": 30.29}]",1.05
31,IONQ,2024-09-19,2025-09-23,7.72,75.14,873.32,2881643999.0,Technology,Computer Hardware,2025-09-23,75.14,873.32,6.57,1.09,No,18.85,"[{""date"": ""2025-09-12"", ""volume_ratio"": 4.15, ""price_breakout_type"": ""52w_high"", ""price"": 55.61}]",4.3866,139,251,358,7.83,2025-09-12,55.61,2025-04-07,ma200_cross,2024-09-27,7.08,No,0.57233,9.74,"{""M01"": 11.4714, ""M02"": 10.7765, ""M03"": 9.746, ""M04"": 8.3232, ""M05"": 8.7023, ""M06"": 7.4263, ""M07"": 7.9655, ""M08"": 7.2236, ""M09"": 10.005, ""M10"": 13.2318, ""M11"": 11.9043, ""M12"": 13.5615}",19.18,"[{""date"": ""2025-04-07"", ""type"": ""ma200_cross"", ""price"": 22.75}, {""date"": ""2025-09-12"", ""type"": ""52w_high"", ""price"": 55.61}]",-49.62,35.12,0.2318,18.57,"[{""date"": ""2024-09-27"", ""volume_ratio"": 7.08, ""price"": 9.71, ""change_pct"": 20.47}, {""date"": ""2024-11-07"", ""volume_ratio"": 3.08, ""price"": 22.11, ""change_pct"": 34.41}, {""date"": ""2025-05-22"", ""volume_ratio"": 5.06, ""price"": 45.79, ""change_pct"": 36.52}, {""date"": ""2025-09-12"", ""volume_ratio"": 4.15, ""price"": 55.61, ""change_pct"": 18.19}]",0.69
37,MRNA,2020-02-12,2021-02-11,19.01,183.44,864.97,7542906784.0,Healthcare,Biotechnology,2021-02-08,185.98,878.33,12.26,0.84,No,30.39,"[{""date"": ""2020-11-23"", ""volume_ratio"": 3.39, ""price_breakout_type"": ""52w_high"", ""price"": 152.74}, {""date"": ""2020-11-25"", ""volume_ratio"": 3.39, ""price_breakout_type"": ""52w_high"", ""price"": 152.74}, {""date"": ""2020-11-30"", ""volume_ratio"": 3.39, ""price_breakout_type"": ""52w_high"", ""price"": 152.74}, {""date"": ""2020-11-30"", ""volume_ratio"": 3.39, ""price_breakout_type"": ""52w_high"", ""price"": 152.74}]",3.9409,0,161,285,21.35,2020-11-23,152.74,2020-11-16,52w_high,2020-02-25,7.6,Yes,0.80732,16.9,"{""M01"": 20.2062, ""M02"": 20.9347, ""M03"": 20.4133, ""M04"": 24.5114, ""M05"": 23.5914, ""M06"": 15.9695, ""M07"": 14.2027, ""M08"": 13.62, ""M09"": 16.6655, ""M10"": 15.4363, ""M11"": 18.638, ""M12"": 19.4067}",74.14,"[{""date"": ""2020-11-16"", ""type"": ""52w_high"", ""price"": 97.95}, {""date"": ""2020-11-23"", ""type"": ""52w_high"", ""price"": 101.03}, {""date"": ""2020-11-25"", ""type"": ""52w_high"", ""price"": 109.18}, {""date"": ""2020-12-03"", ""type"": ""52w_high"", ""price"": 157.26}, {""date"": ""2020-12-07"", ""type"": ""52w_high"", ""price"": 159.52}, {""date"": ""2021-01-29"", ""type"": ""52w_high"", ""price"": 173.16}, {""date"": ""2021-02-04"", ""type"": ""52w_high"", ""price"": 173.31}]",2.16,21.76,0.1833,17.77,"[{""date"": ""2020-02-25"", ""volume_ratio"": 7.6, ""price"": 23.76, ""change_pct"": 27.81}, {""date"": ""2020-02-26"", ""volume_ratio"": 6.32, ""price"": 29.16, ""change_pct"": 22.73}, {""date"": ""2020-07-13"", ""volume_ratio"": 3.4, ""price"": 71.78, ""change_pct"": 14.65}, {""date"": ""2020-07-17"", ""volume_ratio"": 3.88, ""price"": 94.85, ""change_pct"": 15.94}, {""date"": ""2020-11-30"", ""volume_ratio"": 3.39, ""price"": 152.74, ""change_pct"": 20.24}]",1.47
18,CVNA,2020-03-20,2021-03-22,5.87,54.784,833.29,4204612820.0,Consumer Cyclical,Auto & Truck Dealerships,2021-03-02,62.968,972.71,5.982,0.82,No,28.62,[],4.8038,5,246,,6.002,,,2020-10-01,52w_high,2020-08-06,5.4,No,1.0873799,26.35,"{""M01"": 17.3043, ""M02"": 18.8368, ""M03"": 11.4356, ""M04"": 12.827, ""M05"": 13.2511, ""M06"": 12.4071, ""M07"": 12.8063, ""M08"": 15.0232, ""M09"": 15.3667, ""M10"": 14.8523, ""M11"": 16.8316, ""M12"": 18.7005}",0.33,"[{""date"": ""2020-10-01"", ""type"": ""52w_high"", ""price"": 47.62}, {""date"": ""2020-11-23"", ""type"": ""52w_high"", ""price"": 48.016}, {""date"": ""2020-11-27"", ""type"": ""52w_high"", ""price"": 49.828}, {""date"": ""2020-12-07"", ""type"": ""52w_high"", ""price"": 51.776}, {""date"": ""2020-12-17"", ""type"": ""52w_high"", ""price"": 54.398}, {""date"": ""2020-12-21"", ""type"": ""52w_high"", ""price"": 55.72}, {""date"": ""2021-01-14"", ""type"": ""52w_high"", ""price"": 59.366}, {""date"": ""2021-02-10"", ""type"": ""52w_high"", ""price"": 59.586}, {""date"": ""2021-02-19"", ""type"": ""52w_high"", ""price"": 61.748}, {""date"": ""2021-03-01"", ""type"": ""52w_high"", ""price"": 62.384}]",15.16,,0.135,72.96,"[{""date"": ""2020-08-06"", ""volume_ratio"": 5.4, ""price"": 44.598, ""change_pct"": 28.07}, {""date"": ""2020-09-22"", ""volume_ratio"": 5.38, ""price"": 45.366, ""change_pct"": 30.61}]",1.35
38,MSTR,2023-11-20,2024-11-20,50.853,473.83,831.76,16822560002.0,Technology,Software - Application,2024-11-20,473.83,831.76,13.663,0.72,No,15.29,[],4.6549,0,31,,48.622,,,2024-09-09,ma200_cross,2024-02-28,3.04,No,0.61035,12.55,"{""M01"": 21.3862, ""M02"": 27.1418, ""M03"": 24.7742, ""M04"": 30.9778, ""M05"": 29.5796, ""M06"": 30.4619, ""M07"": 42.5178, ""M08"": 36.7764, ""M09"": 33.8009, ""M10"": 35.7398, ""M11"": 37.2588, ""M12"": 17.9032}",255.87,"[{""date"": ""2024-09-09"", ""type"": ""ma200_cross"", ""price"": 124.82}, {""date"": ""2024-10-08"", ""type"": ""52w_high"", ""price"": 192.2}, {""date"": ""2024-10-11"", ""type"": ""52w_high"", ""price"": 212.59}, {""date"": ""2024-10-18"", ""type"": ""52w_high"", ""price"": 215.86}, {""date"": ""2024-10-24"", ""type"": ""52w_high"", ""price"": 235.89}, {""date"": ""2024-10-28"", ""type"": ""52w_high"", ""price"": 255.34}, {""date"": ""2024-11-07"", ""type"": ""52w_high"", ""price"": 270.81}, {""date"": ""2024-11-11"", ""type"": ""52w_high"", ""price"": 340.0}, {""date"": ""2024-11-18"", ""type"": ""52w_high"", ""price"": 384.79}]",141.69,,0.113900006,31.7,"[{""date"": ""2024-02-28"", ""volume_ratio"": 3.04, ""price"": 96.295, ""change_pct"": 10.46}]",0.98
15,CLSK,2023-03-27,2024-03-27,2.58,23.11,795.74,659842516.0,Financial Services,Capital Markets,2024-03-25,23.4,806.98,1.78,1.09,No,15.25,"[{""date"": ""2024-02-09"", ""volume_ratio"": 3.42, ""price_breakout_type"": ""52w_high"", ""price"": 13.95}, {""date"": ""2024-02-09"", ""volume_ratio"": 3.42, ""price_breakout_type"": ""52w_high"", ""price"": 13.95}]",6.2566,238,250,319,2.69,2024-02-09,13.95,2023-10-17,ma200_cross,2023-04-13,3.3,No,0.8948,18.49,"{""M01"": 2.566, ""M02"": 3.2061, ""M03"": 4.3634, ""M04"": 9.486, ""M05"": 5.9733, ""M06"": 4.851, ""M07"": 4.2917, ""M08"": 4.8387, ""M09"": 3.7967, ""M10"": 3.1805, ""M11"": 2.5321, ""M12"": 2.0533}",51.12,"[{""date"": ""2023-10-17"", ""type"": ""ma200_cross"", ""price"": 4.17}, {""date"": ""2023-10-23"", ""type"": ""ma200_cross"", ""price"": 4.255}, {""date"": ""2023-11-20"", ""type"": ""ma200_cross"", ""price"": 4.59}, {""date"": ""2023-12-01"", ""type"": ""52w_high"", ""price"": 7.64}, {""date"": ""2023-12-08"", ""type"": ""52w_high"", ""price"": 10.34}, {""date"": ""2023-12-14"", ""type"": ""52w_high"", ""price"": 10.92}, {""date"": ""2023-12-21"", ""type"": ""52w_high"", ""price"": 11.53}, {""date"": ""2023-12-27"", ""type"": ""52w_high"", ""price"": 13.43}, {""date"": ""2024-02-09"", ""type"": ""52w_high"", ""price"": 13.95}, {""date"": ""2024-02-14"", ""type"": ""52w_high"", ""price"": 17.85}]",-76.5,67.74,0.4625,32.75,"[{""date"": ""2023-04-13"", ""volume_ratio"": 3.3, ""price"": 3.94, ""change_pct"": 20.86}, {""date"": ""2024-02-09"", ""volume_ratio"": 3.42, ""price"": 13.95, ""change_pct"": 32.86}]",1.54
35,MARA,2022-12-27,2023-12-28,3.24,28.11,767.59,1235079135.0,Financial Services,Capital Markets,2023-12-27,31.07,858.95,3.62,0.5,No,16.98,[],7.4578,74,173,,3.62,,,2023-07-13,52w_high,2023-01-13,3.1,No,0.63648,32.17,"{""M01"": 26.482, ""M02"": 25.0821, ""M03"": 26.3165, ""M04"": 21.328, ""M05"": 11.7948, ""M06"": 7.391, ""M07"": 9.6645, ""M08"": 14.1313, ""M09"": 11.4205, ""M10"": 12.0519, ""M11"": 8.6019, ""M12"": 11.7227}",0.0,"[{""date"": ""2023-07-13"", ""type"": ""52w_high"", ""price"": 19.3}, {""date"": ""2023-11-20"", ""type"": ""ma200_cross"", ""price"": 10.64}, {""date"": ""2023-11-22"", ""type"": ""ma200_cross"", ""price"": 10.92}, {""date"": ""2023-12-18"", ""type"": ""52w_high"", ""price"": 19.88}]",-83.17,,0.3532,26.84,"[{""date"": ""2023-01-13"", ""volume_ratio"": 3.1, ""price"": 7.68, ""change_pct"": 9.25}]",1.16
47,PSKY,2020-03-20,2021-03-22,10.3242,89.0016,762.07,11229353287.0,Communication Services,Entertainment,2021-03-22,89.0016,762.07,10.5312,0.31,No,28.62,[],2.8106,0,13,,10.8848,,,2021-01-11,52w_high,,,No,0.30993,18.48,"{""M01"": 32.9566, ""M02"": 26.755, ""M03"": 23.4597, ""M04"": 42.707, ""M05"": 40.669, ""M06"": 41.2532, ""M07"": 43.6318, ""M08"": 38.3749, ""M09"": 35.8837, ""M10"": 31.558, ""M11"": 32.6004, ""M12"": 34.1511}",3.36,"[{""date"": ""2021-01-11"", ""type"": ""52w_high"", ""price"": 36.3189}, {""date"": ""2021-01-25"", ""type"": ""52w_high"", ""price"": 42.2011}, {""date"": ""2021-02-10"", ""type"": ""52w_high"", ""price"": 50.038}, {""date"": ""2021-03-01"", ""type"": ""52w_high"", ""price"": 59.3787}, {""date"": ""2021-03-11"", ""type"": ""52w_high"", ""price"": 76.3175}, {""date"": ""2021-03-18"", ""type"": ""52w_high"", ""price"": 85.8261}]",-57.69,,0.1673,72.96,[],1.95
71,ZM,2019-10-18,2020-10-19,66.08,568.34,760.08,17580218842.0,Technology,Software - Application,2020-10-19,568.34,760.08,62.0,0.6,No,26.82,[],4.0885,0,0,,67.03,,,2020-04-23,52w_high,2020-02-03,4.44,Yes,0.83466005,18.41,"{""M04"": 66.47, ""M05"": 78.7086, ""M06"": 92.489, ""M07"": 94.3368, ""M08"": 92.4555, ""M09"": 82.776, ""M10"": 72.7269}",8.11,"[{""date"": ""2020-04-23"", ""type"": ""52w_high"", ""price"": 169.09}, {""date"": ""2020-05-15"", ""type"": ""52w_high"", ""price"": 174.83}, {""date"": ""2020-05-20"", ""type"": ""52w_high"", ""price"": 175.48}, {""date"": ""2020-05-29"", ""type"": ""52w_high"", ""price"": 179.48}, {""date"": ""2020-06-15"", ""type"": ""52w_high"", ""price"": 239.02}, {""date"": ""2020-06-19"", ""type"": ""52w_high"", ""price"": 243.48}, {""date"": ""2020-07-02"", ""type"": ""52w_high"", ""price"": 261.74}, {""date"": ""2020-07-07"", ""type"": ""52w_high"", ""price"": 262.1}, {""date"": ""2020-08-18"", ""type"": ""52w_high"", ""price"": 276.8}, {""date"": ""2020-08-20"", ""type"": ""52w_high"", ""price"": 290.69}]",3.46,,0.0274,18.81,"[{""date"": ""2020-02-03"", ""volume_ratio"": 4.44, ""price"": 87.66, ""change_pct"": 14.89}, {""date"": ""2020-03-05"", ""volume_ratio"": 3.19, ""price"": 125.0, ""change_pct"": 7.02}, {""date"": ""2020-08-31"", ""volume_ratio"": 3.61, ""price"": 325.1, ""change_pct"": 8.63}, {""date"": ""2020-09-01"", ""volume_ratio"": 5.91, ""price"": 457.69, ""change_pct"": 40.78}]",0.78
51,RDW,2024-01-30,2025-01-31,2.82,23.92,748.23,560950813.0,Industrials,Aerospace & Defense,2025-01-31,23.92,748.23,2.41,0.8,No,15.86,[],5.1893,251,251,,2.86,,,2024-10-16,52w_high,2024-03-21,4.95,No,0.36298,21.18,"{""M01"": 2.8676, ""M02"": 3.1842, ""M03"": 3.2357, ""M04"": 2.9184, ""M05"": 2.7205, ""M06"": 2.5571, ""M07"": 3.1855, ""M08"": 3.293, ""M09"": 3.161, ""M10"": 2.7368, ""M11"": 2.5824, ""M12"": 2.8795}",18.67,"[{""date"": ""2024-10-16"", ""type"": ""52w_high"", ""price"": 8.39}, {""date"": ""2024-10-28"", ""type"": ""52w_high"", ""price"": 9.19}, {""date"": ""2024-11-11"", ""type"": ""52w_high"", ""price"": 10.38}, {""date"": ""2024-11-15"", ""type"": ""52w_high"", ""price"": 10.39}, {""date"": ""2024-11-21"", ""type"": ""52w_high"", ""price"": 11.68}, {""date"": ""2024-11-29"", ""type"": ""52w_high"", ""price"": 13.96}, {""date"": ""2024-12-06"", ""type"": ""52w_high"", ""price"": 14.07}, {""date"": ""2024-12-24"", ""type"": ""52w_high"", ""price"": 15.07}, {""date"": ""2025-01-03"", ""type"": ""52w_high"", ""price"": 18.09}, {""date"": ""2025-01-21"", ""type"": ""52w_high"", ""price"": 22.33}]",-5.95,,0.1617,24.83,"[{""date"": ""2024-03-21"", ""volume_ratio"": 4.95, ""price"": 4.24, ""change_pct"": 8.16}, {""date"": ""2024-05-13"", ""volume_ratio"": 4.14, ""price"": 4.83, ""change_pct"": 3.43}, {""date"": ""2024-06-10"", ""volume_ratio"": 3.08, ""price"": 6.3, ""change_pct"": 20.0}, {""date"": ""2024-06-13"", ""volume_ratio"": 4.85, ""price"": 6.58, ""change_pct"": 9.3}, {""date"": ""2024-06-28"", ""volume_ratio"": 5.5, ""price"": 7.17, ""change_pct"": 4.82}, {""date"": ""2025-01-21"", ""volume_ratio"": 6.27, ""price"": 22.33, ""change_pct"": 51.39}]",0.52
34,LUNR,2022-02-18,2023-02-22,9.7,81.99,745.26,1551630042.0,Industrials,Aerospace & Defense,2023-02-22,81.99,745.26,9.615,0.55,No,25.13,"[{""date"": ""2022-12-12"", ""volume_ratio"": 17.53, ""price_breakout_type"": ""52w_high"", ""price"": 9.98}]",0.2094,64,64,297,9.7,2022-12-12,9.98,2022-11-28,52w_high,2022-04-08,6.96,No,0.75114,0.83,"{""M01"": 9.677, ""M02"": 9.6327, ""M11"": 9.6724, ""M12"": 9.68}",0.88,"[{""date"": ""2022-11-28"", ""type"": ""52w_high"", ""price"": 9.9}, {""date"": ""2022-12-06"", ""type"": ""52w_high"", ""price"": 9.98}, {""date"": ""2022-12-12"", ""type"": ""52w_high"", ""price"": 9.98}, {""date"": ""2022-12-22"", ""type"": ""52w_high"", ""price"": 10.0}, {""date"": ""2022-12-28"", ""type"": ""52w_high"", ""price"": 10.01}, {""date"": ""2023-01-05"", ""type"": ""52w_high"", ""price"": 10.03}, {""date"": ""2023-01-17"", ""type"": ""52w_high"", ""price"": 10.085}, {""date"": ""2023-01-23"", ""type"": ""52w_high"", ""price"": 10.09}, {""date"": ""2023-01-25"", ""type"": ""52w_high"", ""price"": 10.095}, {""date"": ""2023-02-02"", ""type"": ""52w_high"", ""price"": 10.16}]",-0.33,721.54,0.2394,-6.6,"[{""date"": ""2022-04-08"", ""volume_ratio"": 6.96, ""price"": 9.65, ""change_pct"": 0.1}, {""date"": ""2022-04-25"", ""volume_ratio"": 5.3, ""price"": 9.7, ""change_pct"": 0.1}, {""date"": ""2022-08-15"", ""volume_ratio"": 12.55, ""price"": 9.72, ""change_pct"": -0.21}, {""date"": ""2022-11-01"", ""volume_ratio"": 6.36, ""price"": 9.875, ""change_pct"": -0.03}, {""date"": ""2022-12-14"", ""volume_ratio"": 17.53, ""price"": 9.98, ""change_pct"": -0.2}, {""date"": ""2022-12-23"", ""volume_ratio"": 6.37, ""price"": 10.0, ""change_pct"": 0.0}, {""date"": ""2023-01-25"", ""volume_ratio"": 3.91, ""price"": 10.095, ""change_pct"": 0.45}, {""date"": ""2023-01-31"", ""volume_ratio"": 16.24, ""price"": 10.119, ""change_pct"": 0.34}, {""date"": ""2023-02-01"", ""volume_ratio"": 5.35, ""price"": 10.105, ""change_pct"": -0.14}, {""date"": ""2023-02-16"", ""volume_ratio"": 6.5, ""price"": 44.77, ""change_pct"": 251.41}]",1.0
39,MSTR,2020-02-10,2021-02-09,15.145,127.294,740.5,5010081435.0,Technology,Software - Application,2021-02-09,127.294,740.5,12.158,0.82,No,30.33,"[{""date"": ""2020-09-16"", ""volume_ratio"": 3.63, ""price_breakout_type"": ""52w_high"", ""price"": 17.49}, {""date"": ""2020-10-20"", ""volume_ratio"": 3.08, ""price_breakout_type"": ""52w_high"", ""price"": 16.907}, {""date"": ""2020-11-24"", ""volume_ratio"": 4.6, ""price_breakout_type"": ""52w_high"", ""price"": 24.723}, {""date"": ""2020-11-24"", ""volume_ratio"": 3.3, ""price_breakout_type"": ""52w_high"", ""price"": 27.027}]",1.6979,0,251,219,15.266,2020-09-16,17.49,2020-09-16,52w_high,2020-08-14,3.14,No,0.61035,5.97,"{""M01"": 14.5682, ""M02"": 14.4502, ""M03"": 14.3943, ""M04"": 14.7889, ""M05"": 13.7034, ""M06"": 13.8702, ""M07"": 12.681, ""M08"": 13.8628, ""M09"": 14.6517, ""M10"": 14.5413, ""M11"": 15.445, ""M12"": 14.7373}",25.56,"[{""date"": ""2020-09-16"", ""type"": ""52w_high"", ""price"": 17.49}, {""date"": ""2020-10-21"", ""type"": ""52w_high"", ""price"": 18.105}, {""date"": ""2020-11-06"", ""type"": ""52w_high"", ""price"": 18.562}, {""date"": ""2020-11-10"", ""type"": ""52w_high"", ""price"": 18.614}, {""date"": ""2020-11-13"", ""type"": ""52w_high"", ""price"": 19.227}, {""date"": ""2020-11-24"", ""type"": ""52w_high"", ""price"": 24.723}, {""date"": ""2020-12-28"", ""type"": ""52w_high"", ""price"": 37.0}, {""date"": ""2020-12-30"", ""type"": ""52w_high"", ""price"": 38.997}, {""date"": ""2021-01-04"", ""type"": ""52w_high"", ""price"": 42.522}, {""date"": ""2021-01-14"", ""type"": ""52w_high"", ""price"": 63.1}]",4.9,627.81,0.113900006,18.86,"[{""date"": ""2020-08-14"", ""volume_ratio"": 3.14, ""price"": 14.663, ""change_pct"": 7.03}, {""date"": ""2020-09-16"", ""volume_ratio"": 3.63, ""price"": 17.49, ""change_pct"": 12.3}, {""date"": ""2020-10-20"", ""volume_ratio"": 3.08, ""price"": 16.907, ""change_pct"": 3.0}, {""date"": ""2020-11-24"", ""volume_ratio"": 4.6, ""price"": 24.723, ""change_pct"": 11.99}, {""date"": ""2020-11-25"", ""volume_ratio"": 3.3, ""price"": 27.027, ""change_pct"": 9.32}, {""date"": ""2020-11-30"", ""volume_ratio"": 4.42, ""price"": 34.277, ""change_pct"": 26.36}]",0.67
9,BE,2020-03-18,2021-03-18,3.07,25.64,735.18,873242675.0,Industrials,Electrical Equipment & Parts,2021-02-08,42.65,1289.25,2.67,1.37,No,29.04,[],6.2263,143,252,,4.08,,,2020-10-06,52w_high,2020-06-10,3.83,No,0.92011,23.16,"{""M01"": 8.75, ""M02"": 10.5032, ""M03"": 9.8014, ""M04"": 12.6905, ""M05"": 12.7709, ""M06"": 11.2695, ""M07"": 11.7141, ""M08"": 6.4227, ""M09"": 3.979, ""M10"": 2.9796, ""M11"": 5.499, ""M12"": 6.2752}",52.81,"[{""date"": ""2020-10-06"", ""type"": ""52w_high"", ""price"": 19.53}, {""date"": ""2020-10-09"", ""type"": ""52w_high"", ""price"": 22.92}, {""date"": ""2020-11-24"", ""type"": ""52w_high"", ""price"": 25.02}, {""date"": ""2020-12-04"", ""type"": ""52w_high"", ""price"": 27.93}, {""date"": ""2020-12-08"", ""type"": ""52w_high"", ""price"": 30.59}, {""date"": ""2020-12-23"", ""type"": ""52w_high"", ""price"": 30.59}, {""date"": ""2021-01-07"", ""type"": ""52w_high"", ""price"": 33.56}, {""date"": ""2021-01-12"", ""type"": ""52w_high"", ""price"": 35.66}, {""date"": ""2021-01-19"", ""type"": ""52w_high"", ""price"": 39.93}, {""date"": ""2021-01-22"", ""type"": ""52w_high"", ""price"": 40.18}]",-25.79,,0.0934,68.62,"[{""date"": ""2020-06-10"", ""volume_ratio"": 3.83, ""price"": 10.27, ""change_pct"": 22.26}, {""date"": ""2020-06-30"", ""volume_ratio"": 4.88, ""price"": 10.88, ""change_pct"": 32.36}, {""date"": ""2020-07-15"", ""volume_ratio"": 3.41, ""price"": 17.65, ""change_pct"": 34.84}, {""date"": ""2020-09-18"", ""volume_ratio"": 4.03, ""price"": 17.23, ""change_pct"": 18.42}]",1.44
21,ENPH,2019-02-20,2020-02-20,7.23,58.74,712.45,952901131.0,Technology,Solar,2020-02-20,58.74,712.45,2.43,1.22,No,14.89,"[{""date"": ""2020-02-19"", ""volume_ratio"": 5.1, ""price_breakout_type"": ""52w_high"", ""price"": 57.22}]",4.8782,251,251,364,7.56,2020-02-19,57.22,2020-02-04,52w_high,2019-05-01,6.09,No,1.06011,12.08,"{""M01"": 6.1514, ""M02"": 5.6995, ""M03"": 4.2962, ""M04"": 4.3024, ""M05"": 5.2005, ""M06"": 6.0067, ""M07"": 6.7257, ""M08"": 5.2052, ""M09"": 4.4353, ""M10"": 4.6078, ""M11"": 5.3514, ""M12"": 5.3374}",211.11,"[{""date"": ""2020-02-04"", ""type"": ""52w_high"", ""price"": 36.9}, {""date"": ""2020-02-10"", ""type"": ""52w_high"", ""price"": 38.61}, {""date"": ""2020-02-19"", ""type"": ""52w_high"", ""price"": 57.22}]",103.51,2.66,0.24180001,23.83,"[{""date"": ""2019-05-01"", ""volume_ratio"": 6.09, ""price"": 12.98, ""change_pct"": 29.28}, {""date"": ""2019-07-31"", ""volume_ratio"": 4.96, ""price"": 28.15, ""change_pct"": 30.02}, {""date"": ""2020-02-19"", ""volume_ratio"": 5.1, ""price"": 57.22, ""change_pct"": 42.44}]",0.67
65,VKTX,2023-10-27,2024-10-29,9.24,73.35,693.83,1072816141.0,Healthcare,Biotechnology,2024-02-28,94.5,922.73,3.55,0.88,No,15.17,[],7.6279,77,207,,9.665,,,,,2023-12-04,4.22,No,0.67119,18.22,"{""M01"": 8.637, ""M02"": 10.4874, ""M03"": 11.67, ""M04"": 19.0516, ""M05"": 22.4334, ""M06"": 21.1143, ""M07"": 15.1885, ""M08"": 14.0646, ""M09"": 13.6888, ""M10"": 9.853, ""M11"": 4.169, ""M12"": 5.7352}",172.25,[],157.12,,0.21079999,43.34,"[{""date"": ""2023-12-04"", ""volume_ratio"": 4.22, ""price"": 15.08, ""change_pct"": 15.91}, {""date"": ""2023-12-05"", ""volume_ratio"": 4.2, ""price"": 17.36, ""change_pct"": 15.12}, {""date"": ""2024-02-27"", ""volume_ratio"": 8.8, ""price"": 85.05, ""change_pct"": 121.02}, {""date"": ""2024-02-28"", ""volume_ratio"": 3.74, ""price"": 94.5, ""change_pct"": 11.11}, {""date"": ""2024-06-28"", ""volume_ratio"": 3.59, ""price"": 53.01, ""change_pct"": 4.41}, {""date"": ""2024-07-25"", ""volume_ratio"": 4.63, ""price"": 64.68, ""change_pct"": 28.31}, {""date"": ""2024-10-24"", ""volume_ratio"": 5.69, ""price"": 73.22, ""change_pct"": 21.25}]",0.62
12,BYD,2020-03-18,2021-03-18,7.5037,58.3161,677.17,557751192.0,Consumer Cyclical,Resorts & Casinos,2021-03-11,62.7857,736.73,10.375,0.9,No,29.04,[],3.4208,0,6,,10.6525,,,2020-10-16,52w_high,,,No,0.78038,29.34,"{""M01"": 28.1492, ""M02"": 30.3501, ""M03"": 21.8233, ""M04"": 28.0397, ""M05"": 24.9521, ""M06"": 24.9319, ""M07"": 25.4607, ""M08"": 22.6608, ""M09"": 24.1172, ""M10"": 24.6849, ""M11"": 27.7827, ""M12"": 28.4345}",2.67,"[{""date"": ""2020-10-16"", ""type"": ""52w_high"", ""price"": 33.5272}, {""date"": ""2020-11-16"", ""type"": ""52w_high"", ""price"": 34.111}, {""date"": ""2020-11-27"", ""type"": ""52w_high"", ""price"": 37.8437}, {""date"": ""2020-12-03"", ""type"": ""52w_high"", ""price"": 38.418}, {""date"": ""2020-12-08"", ""type"": ""52w_high"", ""price"": 40.5715}, {""date"": ""2020-12-15"", ""type"": ""52w_high"", ""price"": 40.7916}, {""date"": ""2021-01-06"", ""type"": ""52w_high"", ""price"": 43.5002}, {""date"": ""2021-01-12"", ""type"": ""52w_high"", ""price"": 47.319}, {""date"": ""2021-01-14"", ""type"": ""52w_high"", ""price"": 47.453}, {""date"": ""2021-01-21"", ""type"": ""52w_high"", ""price"": 47.6731}]",-15.16,,0.056399997,68.62,[],1.22
14,CLF,2016-01-12,2017-01-11,1.1931,9.2704,676.98,680561727.0,Basic Materials,Steel,2016-12-05,9.9238,731.75,1.3352,0.62,No,15.56,[],5.8785,252,252,,1.3352,,,2016-07-18,52w_high,2016-04-28,4.65,No,0.86669,23.75,"{""M01"": 5.575, ""M02"": 6.3614, ""M03"": 5.014, ""M04"": 4.9732, ""M05"": 5.3672, ""M06"": 4.7962, ""M07"": 2.9325, ""M08"": 3.0351, ""M09"": 3.1005, ""M10"": 2.6441, ""M11"": 2.5577, ""M12"": 1.785}",0.0,"[{""date"": ""2016-07-18"", ""type"": ""52w_high"", ""price"": 7.0546}, {""date"": ""2016-07-26"", ""type"": ""52w_high"", ""price"": 7.5944}, {""date"": ""2016-07-28"", ""type"": ""52w_high"", ""price"": 7.6607}, {""date"": ""2016-08-04"", ""type"": ""52w_high"", ""price"": 7.6796}, {""date"": ""2016-11-22"", ""type"": ""52w_high"", ""price"": 8.1815}, {""date"": ""2016-12-05"", ""type"": ""52w_high"", ""price"": 9.9238}]",-77.05,,0.1487,19.45,"[{""date"": ""2016-04-28"", ""volume_ratio"": 4.65, ""price"": 5.1039, ""change_pct"": 25.06}, {""date"": ""2016-05-31"", ""volume_ratio"": 3.48, ""price"": 4.0529, ""change_pct"": 39.41}]",0.63
45,PLTR,2024-08-05,2025-08-07,24.09,182.2,656.33,55312358436.0,Technology,Software - Infrastructure,2025-08-07,182.2,656.33,13.96,1.02,No,19.32,[],4.0181,0,122,,24.74,,,2025-02-10,52w_high,2024-09-20,6.12,Yes,0.64136004,30.8,"{""M01"": 16.6048, ""M02"": 22.941, ""M03"": 24.6185, ""M04"": 22.1536, ""M05"": 21.6605, ""M06"": 23.9305, ""M07"": 27.4914, ""M08"": 16.2619, ""M09"": 15.1225, ""M10"": 16.4277, ""M11"": 19.2438, ""M12"": 17.828}",77.22,"[{""date"": ""2025-02-10"", ""type"": ""52w_high"", ""price"": 116.65}, {""date"": ""2025-02-12"", ""type"": ""52w_high"", ""price"": 117.39}, {""date"": ""2025-05-13"", ""type"": ""52w_high"", ""price"": 128.1}, {""date"": ""2025-05-30"", ""type"": ""52w_high"", ""price"": 131.78}, {""date"": ""2025-06-11"", ""type"": ""52w_high"", ""price"": 136.39}, {""date"": ""2025-06-13"", ""type"": ""52w_high"", ""price"": 137.4}, {""date"": ""2025-06-24"", ""type"": ""52w_high"", ""price"": 143.23}, {""date"": ""2025-06-26"", ""type"": ""52w_high"", ""price"": 144.25}, {""date"": ""2025-07-14"", ""type"": ""52w_high"", ""price"": 149.15}, {""date"": ""2025-07-16"", ""type"": ""52w_high"", ""price"": 150.91}]",80.1,,0.0248,23.83,"[{""date"": ""2024-09-20"", ""volume_ratio"": 6.12, ""price"": 37.2, ""change_pct"": 1.0}, {""date"": ""2024-11-05"", ""volume_ratio"": 3.89, ""price"": 51.13, ""change_pct"": 23.47}, {""date"": ""2024-12-20"", ""volume_ratio"": 3.03, ""price"": 80.55, ""change_pct"": 8.54}]",0.72
69,WKHS,2018-12-18,2019-12-18,1290.0,9720.0,653.49,14052257670.0,Consumer Cyclical,Auto Manufacturers,2019-07-31,15570.0,1106.98,1521.0,0.35,No,15.95,"[{""date"": ""2019-07-24"", ""volume_ratio"": 3.92, ""price_breakout_type"": ""52w_high"", ""price"": 15570.0}, {""date"": ""2019-07-26"", ""volume_ratio"": 3.92, ""price_breakout_type"": ""52w_high"", ""price"": 15570.0}]",4.5198,0,0,218,1521.0,2019-07-24,15570.0,2019-06-25,52w_high,2019-01-18,4.62,No,0.0068300003,18.18,"{""M01"": 8773.1429, ""M02"": 8908.4211, ""M03"": 8548.5714, ""M04"": 8135.7143, ""M05"": 8307.2727, ""M06"": 6550.0, ""M07"": 4619.2857, ""M08"": 3530.3478, ""M09"": 3358.4211, ""M10"": 2966.6087, ""M11"": 2394.8571, ""M12"": 4566.6316}",0.0,"[{""date"": ""2019-06-25"", ""type"": ""52w_high"", ""price"": 8550.0}, {""date"": ""2019-06-28"", ""type"": ""52w_high"", ""price"": 8820.0}, {""date"": ""2019-07-09"", ""type"": ""52w_high"", ""price"": 9000.0}, {""date"": ""2019-07-24"", ""type"": ""52w_high"", ""price"": 11970.0}, {""date"": ""2019-07-26"", ""type"": ""52w_high"", ""price"": 12030.0}]",-76.33,0.0,0.040799998,27.77,"[{""date"": ""2019-01-18"", ""volume_ratio"": 4.62, ""price"": 2994.0, ""change_pct"": 14.71}, {""date"": ""2019-02-13"", ""volume_ratio"": 4.79, ""price"": 2994.0, ""change_pct"": 7.2}, {""date"": ""2019-04-04"", ""volume_ratio"": 4.71, ""price"": 2013.0, ""change_pct"": 6.51}, {""date"": ""2019-05-08"", ""volume_ratio"": 17.58, ""price"": 7950.0, ""change_pct"": 214.35}, {""date"": ""2019-07-31"", ""volume_ratio"": 3.92, ""price"": 15570.0, ""change_pct"": 14.82}, {""date"": ""2019-11-07"", ""volume_ratio"": 4.98, ""price"": 9390.0, ""change_pct"": 27.24}]",0.83
66,VRT,2023-04-25,2024-04-25,12.1883,90.1224,639.42,4681633482.0,Industrials,Electrical Equipment & Parts,2024-04-25,90.1224,639.42,8.1857,0.78,No,15.07,"[{""date"": ""2023-11-30"", ""volume_ratio"": 3.8, ""price_breakout_type"": ""52w_high"", ""price"": 43.5112}]",3.9956,29,251,219,12.6866,2023-11-30,43.5112,2023-11-10,52w_high,2023-05-25,5.99,No,0.85985,9.55,"{""M01"": 14.3519, ""M02"": 15.411, ""M03"": 14.2344, ""M04"": 12.5019, ""M05"": 11.1913, ""M06"": 9.8393, ""M07"": 9.4559, ""M08"": 12.4128, ""M09"": 11.4952, ""M10"": 12.2454, ""M11"": 14.1555, ""M12"": 13.4383}",54.98,"[{""date"": ""2023-11-10"", ""type"": ""52w_high"", ""price"": 41.6875}, {""date"": ""2023-11-20"", ""type"": ""52w_high"", ""price"": 44.3982}, {""date"": ""2023-12-01"", ""type"": ""52w_high"", ""price"": 44.9862}, {""date"": ""2023-12-08"", ""type"": ""52w_high"", ""price"": 47.0054}, {""date"": ""2024-01-11"", ""type"": ""52w_high"", ""price"": 49.8772}, {""date"": ""2024-01-18"", ""type"": ""52w_high"", ""price"": 50.7447}, {""date"": ""2024-01-23"", ""type"": ""52w_high"", ""price"": 53.5168}, {""date"": ""2024-01-29"", ""type"": ""52w_high"", ""price"": 54.7433}, {""date"": ""2024-02-01"", ""type"": ""52w_high"", ""price"": 59.2902}, {""date"": ""2024-02-08"", ""type"": ""52w_high"", ""price"": 61.4939}]",10.47,107.12,0.035,26.26,"[{""date"": ""2023-05-25"", ""volume_ratio"": 5.99, ""price"": 18.4469, ""change_pct"": 13.98}, {""date"": ""2023-08-02"", ""volume_ratio"": 6.18, ""price"": 34.1732, ""change_pct"": 29.25}, {""date"": ""2023-11-30"", ""volume_ratio"": 3.8, ""price"": 43.5112, ""change_pct"": 3.24}]",0.89
4,AMD,2016-02-12,2017-02-13,1.83,13.49,637.16,2983999169.0,Technology,Semiconductors,2017-02-06,13.63,644.81,1.62,0.78,No,14.46,"[{""date"": ""2017-02-01"", ""volume_ratio"": 3.35, ""price_breakout_type"": ""52w_high"", ""price"": 12.06}]",3.6889,252,252,355,1.86,2017-02-01,12.06,2016-08-18,52w_high,2016-04-22,8.46,Yes,0.74596,16.11,"{""M01"": 2.2174, ""M02"": 2.592, ""M03"": 2.8332, ""M04"": 2.5481, ""M05"": 2.3035, ""M06"": 2.4055, ""M07"": 1.96, ""M08"": 1.881, ""M09"": 1.7962, ""M10"": 1.9914, ""M11"": 2.1645, ""M12"": 2.5536}",14.81,"[{""date"": ""2016-08-18"", ""type"": ""52w_high"", ""price"": 7.04}, {""date"": ""2016-08-23"", ""type"": ""52w_high"", ""price"": 7.67}, {""date"": ""2016-08-26"", ""type"": ""52w_high"", ""price"": 7.67}, {""date"": ""2016-11-16"", ""type"": ""52w_high"", ""price"": 7.67}, {""date"": ""2016-12-06"", ""type"": ""52w_high"", ""price"": 9.45}, {""date"": ""2016-12-15"", ""type"": ""52w_high"", ""price"": 10.86}, {""date"": ""2016-12-19"", ""type"": ""52w_high"", ""price"": 10.95}, {""date"": ""2016-12-22"", ""type"": ""52w_high"", ""price"": 11.6}, {""date"": ""2016-12-27"", ""type"": ""52w_high"", ""price"": 12.07}, {""date"": ""2017-02-02"", ""type"": ""52w_high"", ""price"": 12.28}]",-33.38,13.02,0.022,26.71,"[{""date"": ""2016-04-22"", ""volume_ratio"": 8.46, ""price"": 3.99, ""change_pct"": 52.29}, {""date"": ""2016-07-22"", ""volume_ratio"": 3.58, ""price"": 5.84, ""change_pct"": 11.88}, {""date"": ""2016-07-25"", ""volume_ratio"": 3.64, ""price"": 6.7, ""change_pct"": 14.73}, {""date"": ""2017-02-01"", ""volume_ratio"": 3.35, ""price"": 12.06, ""change_pct"": 16.3}]",1.03
16,CROX,2020-03-20,2021-03-22,10.77,79.03,633.8,535157509.0,Consumer Cyclical,Footwear & Accessories,2021-03-15,84.8,687.37,10.86,0.63,No,28.62,"[{""date"": ""2020-10-01"", ""volume_ratio"": 3.95, ""price_breakout_type"": ""52w_high"", ""price"": 45.19}]",3.7497,0,30,195,11.5,2020-10-01,45.19,2020-10-01,52w_high,2020-10-01,3.95,No,1.05238,24.69,"{""M01"": 41.6914, ""M02"": 36.2268, ""M03"": 22.0195, ""M04"": 26.851, ""M05"": 23.3336, ""M06"": 19.0985, ""M07"": 21.9959, ""M08"": 23.9877, ""M09"": 26.943, ""M10"": 31.8574, ""M11"": 35.342, ""M12"": 37.8986}",5.89,"[{""date"": ""2020-10-01"", ""type"": ""52w_high"", ""price"": 45.19}, {""date"": ""2020-10-09"", ""type"": ""52w_high"", ""price"": 47.64}, {""date"": ""2020-10-15"", ""type"": ""52w_high"", ""price"": 51.1}, {""date"": ""2020-10-19"", ""type"": ""52w_high"", ""price"": 51.52}, {""date"": ""2020-10-23"", ""type"": ""52w_high"", ""price"": 52.55}, {""date"": ""2020-10-27"", ""type"": ""52w_high"", ""price"": 54.82}, {""date"": ""2020-11-03"", ""type"": ""52w_high"", ""price"": 55.15}, {""date"": ""2020-11-20"", ""type"": ""52w_high"", ""price"": 61.27}, {""date"": ""2020-12-03"", ""type"": ""52w_high"", ""price"": 62.79}, {""date"": ""2020-12-08"", ""type"": ""52w_high"", ""price"": 65.32}]",-8.68,87.65,0.1274,72.96,"[{""date"": ""2020-10-01"", ""volume_ratio"": 3.95, ""price"": 45.19, ""change_pct"": 5.76}, {""date"": ""2021-01-11"", ""volume_ratio"": 3.27, ""price"": 74.97, ""change_pct"": 12.26}]",0.81
11,BNTX,2019-10-14,2020-10-13,12.5833,91.7843,629.41,3182118521.0,Healthcare,Biotechnology,2020-07-22,102.8083,717.02,,,,26.61,[],,,,,,,,,,2020-03-17,7.05,No,0.20121999,,,,[],,,0.047,21.39,"[{""date"": ""2020-03-17"", ""volume_ratio"": 7.05, ""price"": 65.7294, ""change_pct"": 66.5}, {""date"": ""2020-03-18"", ""volume_ratio"": 5.45, ""price"": 90.7974, ""change_pct"": 38.14}, {""date"": ""2020-07-22"", ""volume_ratio"": 3.12, ""price"": 102.8083, ""change_pct"": 13.72}]",
61,SNAP,2020-03-17,2021-03-17,8.91,63.95,617.73,12500825346.0,Communication Services,Internet Content & Information,2021-02-23,70.45,690.68,9.06,1.2,No,29.26,"[{""date"": ""2020-10-15"", ""volume_ratio"": 8.79, ""price_breakout_type"": ""52w_high"", ""price"": 36.5}, {""date"": ""2020-10-19"", ""volume_ratio"": 8.79, ""price_breakout_type"": ""52w_high"", ""price"": 36.5}, {""date"": ""2020-10-21"", ""volume_ratio"": 8.79, ""price_breakout_type"": ""52w_high"", ""price"": 36.5}, {""date"": ""2020-10-15"", ""volume_ratio"": 3.64, ""price_breakout_type"": ""52w_high"", ""price"": 38.97}, {""date"": ""2020-10-19"", ""volume_ratio"": 3.64, ""price_breakout_type"": ""52w_high"", ""price"": 38.97}, {""date"": ""2020-10-21"", ""volume_ratio"": 3.64, ""price_breakout_type"": ""52w_high"", ""price"": 38.97}, {""date"": ""2020-10-19"", ""volume_ratio"": 4.7, ""price_breakout_type"": ""52w_high"", ""price"": 43.17}, {""date"": ""2020-10-21"", ""volume_ratio"": 4.7, ""price_breakout_type"": ""52w_high"", ""price"": 43.17}]",3.5368,1,252,212,9.06,2020-10-15,36.5,2020-10-01,52w_high,2020-04-22,5.1,Yes,0.58769,20.18,"{""M01"": 18.13, ""M02"": 16.8326, ""M03"": 11.5086, ""M04"": 11.5795, ""M05"": 11.2495, ""M06"": 13.988, ""M07"": 15.5759, ""M08"": 16.2291, ""M09"": 16.2565, ""M10"": 14.2396, ""M11"": 14.8365, ""M12"": 15.1276}",0.0,"[{""date"": ""2020-10-01"", ""type"": ""52w_high"", ""price"": 26.78}, {""date"": ""2020-10-05"", ""type"": ""52w_high"", ""price"": 27.54}, {""date"": ""2020-10-15"", ""type"": ""52w_high"", ""price"": 28.06}, {""date"": ""2020-10-19"", ""type"": ""52w_high"", ""price"": 28.66}, {""date"": ""2020-10-21"", ""type"": ""52w_high"", ""price"": 36.5}, {""date"": ""2020-11-06"", ""type"": ""52w_high"", ""price"": 45.38}, {""date"": ""2020-11-25"", ""type"": ""52w_high"", ""price"": 45.56}, {""date"": ""2020-12-02"", ""type"": ""52w_high"", ""price"": 47.49}, {""date"": ""2020-12-10"", ""type"": ""52w_high"", ""price"": 53.15}, {""date"": ""2021-01-11"", ""type"": ""52w_high"", ""price"": 54.38}]",23.27,93.01,0.105,59.53,"[{""date"": ""2020-04-22"", ""volume_ratio"": 5.1, ""price"": 17.01, ""change_pct"": 36.74}, {""date"": ""2020-10-21"", ""volume_ratio"": 8.79, ""price"": 36.5, ""change_pct"": 28.3}, {""date"": ""2020-10-22"", ""volume_ratio"": 3.64, ""price"": 38.97, ""change_pct"": 6.77}, {""date"": ""2020-10-23"", ""volume_ratio"": 4.7, ""price"": 43.17, ""change_pct"": 10.78}, {""date"": ""2021-02-05"", ""volume_ratio"": 3.69, ""price"": 63.64, ""change_pct"": 9.14}]",1.03
52,RH,2020-04-03,2021-04-06,86.19,607.47,604.8,1629057280.0,Consumer Cyclical,Specialty Retail,2021-04-06,607.47,604.8,80.43,0.52,No,27.01,[],4.5005,0,0,,89.11,,,2020-10-13,52w_high,2021-03-26,3.2,No,1.0410199,29.38,"{""M01"": 217.521, ""M02"": 224.1284, ""M03"": 124.0836, ""M04"": 107.636, ""M05"": 96.6073, ""M06"": 104.427, ""M07"": 125.4909, ""M08"": 140.215, ""M09"": 163.35, ""M10"": 179.8809, ""M11"": 185.011, ""M12"": 221.429}",10.79,"[{""date"": ""2020-10-13"", ""type"": ""52w_high"", ""price"": 390.85}, {""date"": ""2020-10-23"", ""type"": ""52w_high"", ""price"": 394.08}, {""date"": ""2020-11-11"", ""type"": ""52w_high"", ""price"": 409.86}, {""date"": ""2020-11-17"", ""type"": ""52w_high"", ""price"": 420.0}, {""date"": ""2020-11-19"", ""type"": ""52w_high"", ""price"": 432.78}, {""date"": ""2020-11-25"", ""type"": ""52w_high"", ""price"": 449.45}, {""date"": ""2020-12-04"", ""type"": ""52w_high"", ""price"": 468.0}, {""date"": ""2020-12-24"", ""type"": ""52w_high"", ""price"": 475.72}, {""date"": ""2021-01-07"", ""type"": ""52w_high"", ""price"": 489.61}, {""date"": ""2021-01-12"", ""type"": ""52w_high"", ""price"": 508.81}]",-1.08,,0.38099998,66.36,"[{""date"": ""2021-03-26"", ""volume_ratio"": 3.2, ""price"": 578.18, ""change_pct"": 9.28}]",1.22
50,QXO,2020-07-06,2021-07-06,12.0971,85.1653,604.01,8769525710.0,Industrials,Industrial Distribution,2021-07-06,85.1653,604.01,9.0325,1.98,Yes,23.08,[],5.0078,12,245,,11.667,,,2021-01-25,52w_high,2020-07-17,4.35,No,1.03152,20.34,"{""M01"": 18.3296, ""M02"": 16.3559, ""M03"": 12.6959, ""M04"": 10.4227, ""M05"": 11.0971, ""M06"": 11.3566, ""M07"": 13.5713, ""M08"": 12.8663, ""M09"": 17.3047, ""M10"": 17.5419, ""M11"": 16.3157, ""M12"": 17.4682}",29.17,"[{""date"": ""2021-01-25"", ""type"": ""52w_high"", ""price"": 33.9694}, {""date"": ""2021-02-16"", ""type"": ""52w_high"", ""price"": 38.684}, {""date"": ""2021-02-19"", ""type"": ""52w_high"", ""price"": 44.0635}, {""date"": ""2021-02-25"", ""type"": ""52w_high"", ""price"": 46.6022}, {""date"": ""2021-04-01"", ""type"": ""52w_high"", ""price"": 50.4706}, {""date"": ""2021-06-21"", ""type"": ""52w_high"", ""price"": 51.075}, {""date"": ""2021-06-24"", ""type"": ""52w_high"", ""price"": 66.4882}, {""date"": ""2021-06-30"", ""type"": ""52w_high"", ""price"": 73.5601}]",-15.11,,0.1238,38.84,"[{""date"": ""2020-07-17"", ""volume_ratio"": 4.35, ""price"": 12.4197, ""change_pct"": 1.32}, {""date"": ""2020-07-21"", ""volume_ratio"": 3.93, ""price"": 14.5703, ""change_pct"": 17.83}, {""date"": ""2020-10-12"", ""volume_ratio"": 3.61, ""price"": 16.0757, ""change_pct"": 3.82}, {""date"": ""2020-10-21"", ""volume_ratio"": 4.99, ""price"": 16.2908, ""change_pct"": 4.12}, {""date"": ""2020-10-26"", ""volume_ratio"": 5.87, ""price"": 17.5811, ""change_pct"": 16.37}, {""date"": ""2020-10-27"", ""volume_ratio"": 3.98, ""price"": 17.2585, ""change_pct"": -1.83}, {""date"": ""2020-12-10"", ""volume_ratio"": 10.26, ""price"": 18.1188, ""change_pct"": 14.24}, {""date"": ""2021-03-30"", ""volume_ratio"": 3.0, ""price"": 42.6129, ""change_pct"": 7.96}, {""date"": ""2021-06-03"", ""volume_ratio"": 6.5, ""price"": 45.1515, ""change_pct"": 9.21}, {""date"": ""2021-06-17"", ""volume_ratio"": 5.0, ""price"": 44.7284, ""change_pct"": 1.37}]",0.45
63,TRGP,2020-03-18,2021-03-18,4.1557,29.1306,600.99,891995668.0,Energy,Oil & Gas Midstream,2021-03-12,31.2711,652.5,6.3345,0.64,No,29.04,[],4.9312,3,7,,6.3345,,,2020-11-09,ma200_cross,,,No,1.02777,52.91,"{""M01"": 34.16, ""M02"": 32.1276, ""M03"": 24.2932, ""M04"": 32.3985, ""M05"": 33.0435, ""M06"": 31.3216, ""M07"": 32.8943, ""M08"": 29.306, ""M09"": 33.2198, ""M10"": 33.2011, ""M11"": 33.1607, ""M12"": 32.6482}",0.0,"[{""date"": ""2020-11-09"", ""type"": ""ma200_cross"", ""price"": 17.5379}, {""date"": ""2021-03-04"", ""type"": ""52w_high"", ""price"": 30.039}, {""date"": ""2021-03-12"", ""type"": ""52w_high"", ""price"": 31.2711}]",-28.38,,0.0254,68.62,[],1.28
23,ETSY,2020-03-20,2021-03-22,31.69,219.77,593.5,3007261560.0,Consumer Cyclical,Internet Retail,2021-03-01,244.58,671.79,34.66,1.49,No,28.62,[],3.4396,0,0,,34.66,,,2020-10-05,52w_high,2020-08-05,3.21,Yes,1.2824,15.74,"{""M01"": 48.4129, ""M02"": 52.1216, ""M03"": 56.6971, ""M04"": 66.9952, ""M05"": 64.0141, ""M06"": 64.857, ""M07"": 65.9832, ""M08"": 55.1427, ""M09"": 54.937, ""M10"": 56.5015, ""M11"": 42.351, ""M12"": 42.9648}",0.0,"[{""date"": ""2020-10-05"", ""type"": ""52w_high"", ""price"": 136.69}, {""date"": ""2020-10-07"", ""type"": ""52w_high"", ""price"": 142.66}, {""date"": ""2020-10-09"", ""type"": ""52w_high"", ""price"": 146.67}, {""date"": ""2020-11-27"", ""type"": ""52w_high"", ""price"": 160.55}, {""date"": ""2020-12-08"", ""type"": ""52w_high"", ""price"": 163.97}, {""date"": ""2020-12-10"", ""type"": ""52w_high"", ""price"": 165.3}, {""date"": ""2020-12-15"", ""type"": ""52w_high"", ""price"": 177.8}, {""date"": ""2020-12-22"", ""type"": ""52w_high"", ""price"": 197.38}, {""date"": ""2021-01-12"", ""type"": ""52w_high"", ""price"": 205.15}, {""date"": ""2021-01-19"", ""type"": ""52w_high"", ""price"": 221.31}]",-22.72,,0.1817,72.96,"[{""date"": ""2020-08-05"", ""volume_ratio"": 3.21, ""price"": 135.52, ""change_pct"": 4.41}, {""date"": ""2020-09-18"", ""volume_ratio"": 4.97, ""price"": 111.75, ""change_pct"": 2.31}]",1.06
36,MP,2024-08-07,2025-08-11,10.49,72.69,592.95,1867419216.0,Basic Materials,Other Industrial Metals & Mining,2025-08-08,74.32,608.48,10.52,0.78,No,19.18,"[{""date"": ""2025-04-14"", ""volume_ratio"": 4.59, ""price_breakout_type"": ""52w_high"", ""price"": 27.59}, {""date"": ""2025-07-10"", ""volume_ratio"": 3.78, ""price_breakout_type"": ""52w_high"", ""price"": 58.22}]",3.418,0,219,250,10.98,2025-04-14,27.59,2025-03-05,52w_high,2024-12-03,4.29,No,0.70193,12.66,"{""M01"": 17.0057, ""M02"": 16.057, ""M03"": 14.3285, ""M04"": 16.075, ""M05"": 16.755, ""M06"": 14.0426, ""M07"": 14.2005, ""M08"": 19.4323, ""M09"": 20.7215, ""M10"": 17.2909, ""M11"": 15.9024, ""M12"": 18.02}",4.37,"[{""date"": ""2025-03-05"", ""type"": ""52w_high"", ""price"": 25.66}, {""date"": ""2025-03-14"", ""type"": ""52w_high"", ""price"": 26.83}, {""date"": ""2025-03-18"", ""type"": ""52w_high"", ""price"": 26.83}, {""date"": ""2025-03-25"", ""type"": ""52w_high"", ""price"": 26.93}, {""date"": ""2025-04-14"", ""type"": ""52w_high"", ""price"": 27.59}, {""date"": ""2025-05-22"", ""type"": ""ma200_cross"", ""price"": 20.08}, {""date"": ""2025-05-30"", ""type"": ""ma200_cross"", ""price"": 21.79}, {""date"": ""2025-06-09"", ""type"": ""52w_high"", ""price"": 27.69}, {""date"": ""2025-06-12"", ""type"": ""52w_high"", ""price"": 29.2}, {""date"": ""2025-07-10"", ""type"": ""52w_high"", ""price"": 45.23}]",-35.44,169.37,0.1668,24.38,"[{""date"": ""2024-12-03"", ""volume_ratio"": 4.29, ""price"": 23.11, ""change_pct"": 11.05}, {""date"": ""2025-01-06"", ""volume_ratio"": 3.35, ""price"": 20.46, ""change_pct"": 12.42}, {""date"": ""2025-04-14"", ""volume_ratio"": 4.59, ""price"": 27.59, ""change_pct"": 21.65}, {""date"": ""2025-07-15"", ""volume_ratio"": 3.78, ""price"": 58.22, ""change_pct"": 19.99}]",1.0
55,RUN,2020-03-20,2021-03-22,8.36,57.38,586.36,1994272039.0,Technology,Solar,2021-01-08,96.5,1054.31,8.9,1.34,No,28.62,[],3.7751,4,232,,9.11,,,2020-09-22,52w_high,2020-07-07,8.1,No,1.1797299,22.39,"{""M01"": 15.9229, ""M02"": 20.5274, ""M03"": 14.775, ""M04"": 15.799, ""M05"": 15.7141, ""M06"": 17.349, ""M07"": 19.6136, ""M08"": 16.4291, ""M09"": 16.2232, ""M10"": 16.3246, ""M11"": 14.3, ""M12"": 13.94}",2.36,"[{""date"": ""2020-09-22"", ""type"": ""52w_high"", ""price"": 62.8}, {""date"": ""2020-09-25"", ""type"": ""52w_high"", ""price"": 66.46}, {""date"": ""2021-01-06"", ""type"": ""52w_high"", ""price"": 85.17}, {""date"": ""2021-03-10"", ""type"": ""ma200_cross"", ""price"": 55.6}]",12.01,,0.273,72.96,"[{""date"": ""2020-07-07"", ""volume_ratio"": 8.1, ""price"": 26.17, ""change_pct"": 22.63}, {""date"": ""2020-07-08"", ""volume_ratio"": 3.44, ""price"": 28.27, ""change_pct"": 8.02}]",1.54
28,HIMS,2024-02-15,2025-02-19,10.05,68.74,583.98,2238068750.0,Healthcare,Drug Manufacturers - Specialty & Generic,2025-02-19,68.74,583.98,5.78,1.38,No,15.98,[],3.3007,217,251,,9.99,,,2024-09-10,ma200_cross,2024-02-26,3.37,No,0.88478994,10.99,"{""M01"": 8.7229, ""M02"": 9.6095, ""M03"": 9.7552, ""M04"": 10.5753, ""M05"": 10.4195, ""M06"": 8.7876, ""M07"": 8.673, ""M08"": 7.2678, ""M09"": 6.3965, ""M10"": 6.1841, ""M11"": 7.3957, ""M12"": 8.718}",72.84,"[{""date"": ""2024-09-10"", ""type"": ""ma200_cross"", ""price"": 14.53}, {""date"": ""2024-11-11"", ""type"": ""52w_high"", ""price"": 27.88}, {""date"": ""2024-11-25"", ""type"": ""52w_high"", ""price"": 31.35}, {""date"": ""2024-11-29"", ""type"": ""52w_high"", ""price"": 32.22}, {""date"": ""2024-12-04"", ""type"": ""52w_high"", ""price"": 33.92}, {""date"": ""2024-12-06"", ""type"": ""52w_high"", ""price"": 34.23}, {""date"": ""2025-01-31"", ""type"": ""52w_high"", ""price"": 37.28}, {""date"": ""2025-02-07"", ""type"": ""52w_high"", ""price"": 42.55}, {""date"": ""2025-02-12"", ""type"": ""52w_high"", ""price"": 46.34}]",-6.89,,0.3725,23.37,"[{""date"": ""2024-02-26"", ""volume_ratio"": 3.37, ""price"": 10.25, ""change_pct"": 7.67}, {""date"": ""2024-02-27"", ""volume_ratio"": 7.65, ""price"": 13.43, ""change_pct"": 31.02}, {""date"": ""2024-05-20"", ""volume_ratio"": 6.52, ""price"": 18.6, ""change_pct"": 27.66}, {""date"": ""2024-10-03"", ""volume_ratio"": 3.31, ""price"": 17.13, ""change_pct"": -9.6}, {""date"": ""2024-10-07"", ""volume_ratio"": 3.03, ""price"": 19.44, ""change_pct"": 10.08}, {""date"": ""2024-10-08"", ""volume_ratio"": 4.57, ""price"": 18.75, ""change_pct"": -3.55}, {""date"": ""2025-02-13"", ""volume_ratio"": 3.0, ""price"": 59.18, ""change_pct"": 27.71}]",0.87
29,HOOD,2024-08-05,2025-08-07,16.42,111.23,577.41,12991252741.0,Financial Services,Capital Markets,2025-08-07,111.23,577.41,7.93,0.93,No,19.32,"[{""date"": ""2025-02-13"", ""volume_ratio"": 3.09, ""price_breakout_type"": ""52w_high"", ""price"": 63.8}]",3.3727,51,198,192,17.88,2025-02-13,63.8,2025-02-13,52w_high,2024-10-08,3.06,No,0.77642995,13.01,"{""M01"": 11.3229, ""M02"": 13.1, ""M03"": 17.7705, ""M04"": 17.8673, ""M05"": 18.922, ""M06"": 22.3211, ""M07"": 22.4259, ""M08"": 11.4324, ""M09"": 10.3395, ""M10"": 9.3923, ""M11"": 8.6036, ""M12"": 11.9335}",125.47,"[{""date"": ""2025-02-13"", ""type"": ""52w_high"", ""price"": 63.8}, {""date"": ""2025-05-27"", ""type"": ""52w_high"", ""price"": 66.02}, {""date"": ""2025-05-30"", ""type"": ""52w_high"", ""price"": 66.15}, {""date"": ""2025-06-11"", ""type"": ""52w_high"", ""price"": 74.88}, {""date"": ""2025-06-16"", ""type"": ""52w_high"", ""price"": 76.75}, {""date"": ""2025-06-18"", ""type"": ""52w_high"", ""price"": 78.35}, {""date"": ""2025-06-24"", ""type"": ""52w_high"", ""price"": 82.01}, {""date"": ""2025-06-30"", ""type"": ""52w_high"", ""price"": 93.63}, {""date"": ""2025-07-02"", ""type"": ""52w_high"", ""price"": 97.98}, {""date"": ""2025-07-10"", ""type"": ""52w_high"", ""price"": 98.7}]",106.82,74.34,0.040599998,23.83,"[{""date"": ""2024-10-08"", ""volume_ratio"": 3.06, ""price"": 25.61, ""change_pct"": 9.82}, {""date"": ""2025-02-13"", ""volume_ratio"": 3.09, ""price"": 63.8, ""change_pct"": 14.11}]",1.37
60,SMMT,2020-02-07,2021-02-08,1.67,11.19,570.06,1296191617.0,Healthcare,Biotechnology,2021-02-08,11.19,570.06,1.24,0.97,No,30.31,[],4.5869,252,252,,1.68,,,2020-11-13,52w_high,2020-03-13,3.09,No,0.16478,16.99,"{""M01"": 1.4924, ""M02"": 1.5189, ""M03"": 1.9751, ""M04"": 1.9102, ""M05"": 1.668, ""M06"": 1.4285, ""M07"": 1.3415, ""M08"": 1.2937, ""M09"": 1.4281, ""M10"": 1.7064, ""M11"": 1.5852, ""M12"": 1.5204}",35.48,"[{""date"": ""2020-11-13"", ""type"": ""52w_high"", ""price"": 4.85}, {""date"": ""2020-12-04"", ""type"": ""52w_high"", ""price"": 5.02}, {""date"": ""2020-12-14"", ""type"": ""52w_high"", ""price"": 5.28}, {""date"": ""2020-12-21"", ""type"": ""52w_high"", ""price"": 5.94}, {""date"": ""2021-01-25"", ""type"": ""52w_high"", ""price"": 6.02}, {""date"": ""2021-02-04"", ""type"": ""52w_high"", ""price"": 7.72}]",-8.96,,0.256,18.89,"[{""date"": ""2020-03-13"", ""volume_ratio"": 3.09, ""price"": 2.3, ""change_pct"": 22.34}, {""date"": ""2020-03-16"", ""volume_ratio"": 3.61, ""price"": 2.4, ""change_pct"": 4.35}, {""date"": ""2020-04-13"", ""volume_ratio"": 4.9, ""price"": 3.28, ""change_pct"": 22.85}, {""date"": ""2020-04-14"", ""volume_ratio"": 12.48, ""price"": 4.19, ""change_pct"": 27.74}, {""date"": ""2020-04-15"", ""volume_ratio"": 3.43, ""price"": 4.04, ""change_pct"": -3.58}, {""date"": ""2020-11-12"", ""volume_ratio"": 5.34, ""price"": 4.11, ""change_pct"": 10.78}, {""date"": ""2020-11-13"", ""volume_ratio"": 8.34, ""price"": 4.85, ""change_pct"": 18.0}, {""date"": ""2020-12-18"", ""volume_ratio"": 5.59, ""price"": 5.56, ""change_pct"": 0.91}]",0.9
26,FCX,2020-03-18,2021-03-18,4.9465,32.9952,567.04,7110745588.0,Basic Materials,Copper,2021-02-22,35.4731,617.14,5.8128,0.6,No,29.04,[],3.1217,109,252,,6.0364,,,2020-10-09,52w_high,,,No,0.90565,17.13,"{""M01"": 11.5469, ""M02"": 10.9054, ""M03"": 9.5477, ""M04"": 12.2384, ""M05"": 9.8554, ""M06"": 9.9824, ""M07"": 10.4213, ""M08"": 8.7413, ""M09"": 9.226, ""M10"": 8.766, ""M11"": 10.3316, ""M12"": 11.5955}",3.85,"[{""date"": ""2020-10-09"", ""type"": ""52w_high"", ""price"": 16.0505}, {""date"": ""2020-10-20"", ""type"": ""52w_high"", ""price"": 16.4044}, {""date"": ""2020-11-03"", ""type"": ""52w_high"", ""price"": 17.485}, {""date"": ""2020-11-05"", ""type"": ""52w_high"", ""price"": 17.5316}, {""date"": ""2020-11-13"", ""type"": ""52w_high"", ""price"": 18.7612}, {""date"": ""2020-11-19"", ""type"": ""52w_high"", ""price"": 19.6648}, {""date"": ""2020-12-01"", ""type"": ""52w_high"", ""price"": 22.0216}, {""date"": ""2020-12-30"", ""type"": ""52w_high"", ""price"": 24.7138}, {""date"": ""2021-01-04"", ""type"": ""52w_high"", ""price"": 25.282}, {""date"": ""2021-01-14"", ""type"": ""52w_high"", ""price"": 29.8}]",-25.55,,0.0197,68.62,[],1.21
7,BBWI,2020-05-14,2021-05-14,7.589,50.1321,560.59,1528291929.0,Consumer Cyclical,Specialty Retail,2021-05-14,50.1321,560.59,6.6403,0.73,No,24.85,"[{""date"": ""2020-11-19"", ""volume_ratio"": 3.95, ""price_breakout_type"": ""52w_high"", ""price"": 28.6397}]",5.4562,38,252,189,7.6759,2020-11-19,28.6397,2020-11-19,52w_high,2020-07-29,5.99,No,1.08769,39.04,"{""M01"": 14.3756, ""M02"": 17.0643, ""M03"": 11.3298, ""M04"": 8.8938, ""M05"": 12.5268, ""M06"": 16.2248, ""M07"": 18.1656, ""M08"": 14.2678, ""M09"": 12.8763, ""M10"": 12.4005, ""M11"": 12.6122, ""M12"": 12.9174}",15.6,"[{""date"": ""2020-11-19"", ""type"": ""52w_high"", ""price"": 28.6397}, {""date"": ""2020-12-07"", ""type"": ""52w_high"", ""price"": 29.1393}, {""date"": ""2021-01-06"", ""type"": ""52w_high"", ""price"": 31.5362}, {""date"": ""2021-02-04"", ""type"": ""52w_high"", ""price"": 34.8093}, {""date"": ""2021-02-23"", ""type"": ""52w_high"", ""price"": 36.989}, {""date"": ""2021-03-12"", ""type"": ""52w_high"", ""price"": 44.0348}, {""date"": ""2021-03-17"", ""type"": ""52w_high"", ""price"": 44.2593}, {""date"": ""2021-03-26"", ""type"": ""52w_high"", ""price"": 44.6069}, {""date"": ""2021-03-30"", ""type"": ""52w_high"", ""price"": 45.5266}, {""date"": ""2021-04-07"", ""type"": ""52w_high"", ""price"": 46.5548}]",-46.03,75.04,0.0744,46.28,"[{""date"": ""2020-07-29"", ""volume_ratio"": 5.99, ""price"": 18.7407, ""change_pct"": 35.36}, {""date"": ""2020-11-19"", ""volume_ratio"": 3.95, ""price"": 28.6397, ""change_pct"": 17.67}]",1.48
20,DKNG,2019-10-03,2020-10-02,9.89,63.78,544.89,4902896332.0,Consumer Cyclical,Gambling,2020-10-02,63.78,544.89,9.76,1.58,Yes,26.36,[],0.1906,49,49,,9.92,,,2020-09-14,52w_high,2019-10-16,11.84,No,0.90109,0.72,"{""M07"": 9.8, ""M08"": 9.8086, ""M09"": 9.855, ""M10"": 9.92}",1.64,"[{""date"": ""2020-09-14"", ""type"": ""52w_high"", ""price"": 48.62}, {""date"": ""2020-09-16"", ""type"": ""52w_high"", ""price"": 51.03}, {""date"": ""2020-09-28"", ""type"": ""52w_high"", ""price"": 56.89}, {""date"": ""2020-09-30"", ""type"": ""52w_high"", ""price"": 58.84}]",0.71,,0.085,18.3,"[{""date"": ""2019-10-16"", ""volume_ratio"": 11.84, ""price"": 9.926, ""change_pct"": -0.24}, {""date"": ""2019-11-14"", ""volume_ratio"": 8.73, ""price"": 10.09, ""change_pct"": 0.04}, {""date"": ""2019-12-18"", ""volume_ratio"": 4.33, ""price"": 10.14, ""change_pct"": 0.5}, {""date"": ""2019-12-19"", ""volume_ratio"": 4.38, ""price"": 10.18, ""change_pct"": 0.39}, {""date"": ""2019-12-23"", ""volume_ratio"": 17.6, ""price"": 10.84, ""change_pct"": 6.59}, {""date"": ""2020-01-09"", ""volume_ratio"": 4.91, ""price"": 12.25, ""change_pct"": 8.79}, {""date"": ""2020-03-12"", ""volume_ratio"": 3.71, ""price"": 11.17, ""change_pct"": -22.97}, {""date"": ""2020-05-15"", ""volume_ratio"": 3.02, ""price"": 29.23, ""change_pct"": 15.49}]",1.0
57,SGI,2020-03-18,2021-03-18,5.7047,36.3426,537.06,1199930158.0,Consumer Cyclical,"Furnishings, Fixtures & Appliances",2021-03-15,37.2075,552.22,7.9287,0.61,No,29.04,[],3.2643,2,179,,7.9287,,,2020-11-05,52w_high,2020-09-14,3.12,No,1.04928,28.58,"{""M01"": 20.8765, ""M02"": 21.2643, ""M03"": 14.3198, ""M04"": 14.4298, ""M05"": 14.9691, ""M06"": 16.5677, ""M07"": 18.313, ""M08"": 18.1729, ""M09"": 18.0743, ""M10"": 18.7808, ""M11"": 20.2917, ""M12"": 20.5331}",0.0,"[{""date"": ""2020-11-05"", ""type"": ""52w_high"", ""price"": 23.1531}, {""date"": ""2020-11-16"", ""type"": ""52w_high"", ""price"": 23.165}, {""date"": ""2020-11-19"", ""type"": ""52w_high"", ""price"": 24.2367}, {""date"": ""2020-12-11"", ""type"": ""52w_high"", ""price"": 24.9907}, {""date"": ""2020-12-15"", ""type"": ""52w_high"", ""price"": 25.9201}, {""date"": ""2020-12-17"", ""type"": ""52w_high"", ""price"": 25.9391}, {""date"": ""2020-12-24"", ""type"": ""52w_high"", ""price"": 26.6125}, {""date"": ""2021-01-11"", ""type"": ""52w_high"", ""price"": 26.8875}, {""date"": ""2021-02-08"", ""type"": ""52w_high"", ""price"": 27.8739}, {""date"": ""2021-02-11"", ""type"": ""52w_high"", ""price"": 30.5199}]",22.18,,0.0717,68.62,"[{""date"": ""2020-09-14"", ""volume_ratio"": 3.12, ""price"": 22.0316, ""change_pct"": 8.39}]",1.32
44,PINS,2020-03-18,2021-03-18,10.92,69.39,535.44,5260713363.0,Communication Services,Internet Content & Information,2021-02-16,89.15,716.39,11.64,0.69,No,29.04,[],4.119,0,53,,12.65,,,2020-09-22,52w_high,2020-07-31,6.77,No,1.2174801,18.66,"{""M01"": 21.1395, ""M02"": 22.5768, ""M03"": 16.4033, ""M04"": 28.2412, ""M05"": 27.4368, ""M06"": 26.828, ""M07"": 26.9473, ""M08"": 33.555, ""M09"": 29.2895, ""M10"": 26.0639, ""M11"": 19.816, ""M12"": 18.3733}",8.68,"[{""date"": ""2020-09-22"", ""type"": ""52w_high"", ""price"": 40.55}, {""date"": ""2020-09-28"", ""type"": ""52w_high"", ""price"": 40.98}, {""date"": ""2020-09-30"", ""type"": ""52w_high"", ""price"": 41.51}, {""date"": ""2020-10-19"", ""type"": ""52w_high"", ""price"": 45.82}, {""date"": ""2020-10-21"", ""type"": ""52w_high"", ""price"": 49.38}, {""date"": ""2020-10-29"", ""type"": ""52w_high"", ""price"": 62.51}, {""date"": ""2020-11-05"", ""type"": ""52w_high"", ""price"": 63.47}, {""date"": ""2020-11-19"", ""type"": ""52w_high"", ""price"": 65.95}, {""date"": ""2020-11-25"", ""type"": ""52w_high"", ""price"": 67.42}, {""date"": ""2020-12-07"", ""type"": ""52w_high"", ""price"": 70.31}]",-35.91,,0.18879999,68.62,"[{""date"": ""2020-07-31"", ""volume_ratio"": 6.77, ""price"": 34.29, ""change_pct"": 36.13}]",1.49
32,LAD,2020-03-18,2021-03-18,60.8398,386.5315,535.33,1387501528.0,Consumer Cyclical,Auto & Truck Dealerships,2021-03-17,399.916,557.33,72.378,0.68,No,29.04,"[{""date"": ""2020-10-01"", ""volume_ratio"": 6.37, ""price_breakout_type"": ""52w_high"", ""price"": 237.8424}, {""date"": ""2020-10-01"", ""volume_ratio"": 6.37, ""price_breakout_type"": ""52w_high"", ""price"": 237.8424}, {""date"": ""2020-10-02"", ""volume_ratio"": 3.7, ""price_breakout_type"": ""52w_high"", ""price"": 261.6873}, {""date"": ""2020-10-02"", ""volume_ratio"": 3.7, ""price_breakout_type"": ""52w_high"", ""price"": 261.6873}]",2.747,0,0,197,72.378,2020-10-01,237.8424,2020-10-05,52w_high,2020-07-22,3.99,No,1.15509,20.27,"{""M01"": 135.6427, ""M02"": 126.0238, ""M03"": 92.114, ""M04"": 94.4339, ""M05"": 108.8947, ""M06"": 112.7195, ""M07"": 117.4115, ""M08"": 123.232, ""M09"": 125.4257, ""M10"": 130.1174, ""M11"": 153.9637, ""M12"": 148.8432}",0.0,"[{""date"": ""2020-10-05"", ""type"": ""52w_high"", ""price"": 271.9713}, {""date"": ""2020-10-07"", ""type"": ""52w_high"", ""price"": 273.5231}, {""date"": ""2020-11-23"", ""type"": ""52w_high"", ""price"": 282.7869}, {""date"": ""2021-01-06"", ""type"": ""52w_high"", ""price"": 302.0761}, {""date"": ""2021-01-12"", ""type"": ""52w_high"", ""price"": 313.0379}, {""date"": ""2021-01-20"", ""type"": ""52w_high"", ""price"": 315.7011}, {""date"": ""2021-02-04"", ""type"": ""52w_high"", ""price"": 345.6724}, {""date"": ""2021-03-10"", ""type"": ""52w_high"", ""price"": 382.2824}, {""date"": ""2021-03-15"", ""type"": ""52w_high"", ""price"": 386.2804}]",22.37,68.14,0.1705,68.62,"[{""date"": ""2020-07-22"", ""volume_ratio"": 3.99, ""price"": 202.8343, ""change_pct"": 20.54}, {""date"": ""2020-08-31"", ""volume_ratio"": 8.79, ""price"": 239.9532, ""change_pct"": 0.56}, {""date"": ""2020-10-01"", ""volume_ratio"": 6.37, ""price"": 237.8424, ""change_pct"": 8.26}, {""date"": ""2020-10-02"", ""volume_ratio"": 3.7, ""price"": 261.6873, ""change_pct"": 10.03}]",1.05
56,SE,2019-10-22,2020-10-21,26.7,168.38,530.64,15137744664.0,Consumer Cyclical,Internet Retail,2020-10-13,172.4,545.69,10.72,0.74,No,26.94,[],3.8784,0,86,,27.23,,,2020-04-24,52w_high,2019-11-12,3.64,No,0.70901,24.06,"{""M01"": 12.5648, ""M02"": 16.2289, ""M03"": 23.6481, ""M04"": 23.5543, ""M05"": 26.6127, ""M06"": 31.3805, ""M07"": 35.4636, ""M08"": 33.7309, ""M09"": 31.3505, ""M10"": 23.207, ""M11"": 12.7476, ""M12"": 11.7295}",154.01,"[{""date"": ""2020-04-24"", ""type"": ""52w_high"", ""price"": 54.39}, {""date"": ""2020-04-29"", ""type"": ""52w_high"", ""price"": 55.52}, {""date"": ""2020-05-05"", ""type"": ""52w_high"", ""price"": 57.93}, {""date"": ""2020-05-08"", ""type"": ""52w_high"", ""price"": 62.49}, {""date"": ""2020-05-18"", ""type"": ""52w_high"", ""price"": 69.49}, {""date"": ""2020-05-20"", ""type"": ""52w_high"", ""price"": 72.4}, {""date"": ""2020-06-02"", ""type"": ""52w_high"", ""price"": 86.86}, {""date"": ""2020-06-05"", ""type"": ""52w_high"", ""price"": 89.7}, {""date"": ""2020-06-10"", ""type"": ""52w_high"", ""price"": 92.16}, {""date"": ""2020-06-12"", ""type"": ""52w_high"", ""price"": 92.98}]",132.82,,0.0575,17.06,"[{""date"": ""2019-11-12"", ""volume_ratio"": 3.64, ""price"": 36.76, ""change_pct"": 18.58}]",1.07
22,ENPH,2020-03-20,2021-03-22,26.0,161.11,519.65,3426753720.0,Technology,Solar,2021-01-07,213.76,722.15,8.71,1.51,Yes,28.62,"[{""date"": ""2021-01-05"", ""volume_ratio"": 7.45, ""price_breakout_type"": ""52w_high"", ""price"": 203.38}]",6.0413,22,99,291,26.25,2021-01-05,203.38,2020-09-29,52w_high,2020-06-18,3.28,No,1.06011,42.44,"{""M01"": 31.0681, ""M02"": 45.0711, ""M03"": 30.1881, ""M04"": 9.7948, ""M05"": 14.4755, ""M06"": 17.138, ""M07"": 20.4136, ""M08"": 31.6241, ""M09"": 24.772, ""M10"": 23.6087, ""M11"": 19.3395, ""M12"": 25.0862}",201.38,"[{""date"": ""2020-09-29"", ""type"": ""52w_high"", ""price"": 80.8}, {""date"": ""2020-10-09"", ""type"": ""52w_high"", ""price"": 109.18}, {""date"": ""2020-10-15"", ""type"": ""52w_high"", ""price"": 110.71}, {""date"": ""2020-11-05"", ""type"": ""52w_high"", ""price"": 120.26}, {""date"": ""2020-11-17"", ""type"": ""52w_high"", ""price"": 125.12}, {""date"": ""2020-11-19"", ""type"": ""52w_high"", ""price"": 128.89}, {""date"": ""2020-12-14"", ""type"": ""52w_high"", ""price"": 145.07}, {""date"": ""2021-01-05"", ""type"": ""52w_high"", ""price"": 181.48}]",365.48,5.1,0.24180001,72.96,"[{""date"": ""2020-06-18"", ""volume_ratio"": 3.28, ""price"": 45.72, ""change_pct"": 17.11}, {""date"": ""2020-09-18"", ""volume_ratio"": 3.63, ""price"": 68.27, ""change_pct"": 2.09}, {""date"": ""2021-01-06"", ""volume_ratio"": 7.45, ""price"": 203.38, ""change_pct"": 12.07}]",1.36
70,WKHS,2014-12-12,2015-12-14,3900.0,24000.0,515.38,42483569700.0,Consumer Cyclical,Auto Manufacturers,2015-12-11,28050.0,619.23,2460.0,0.5,No,16.64,[],9.2534,0,0,,4650.0,,,2015-08-07,ma200_cross,2014-12-19,3.0,No,0.0068300003,49.7,"{""M01"": 3565.7143, ""M02"": 3827.3684, ""M03"": 3418.5714, ""M04"": 3297.1429, ""M05"": 3785.7143, ""M06"": 3412.8571, ""M07"": 3255.0, ""M08"": 3372.8571, ""M09"": 6477.1429, ""M10"": 5103.913, ""M11"": 5202.6316, ""M12"": 4130.4545}",89.02,"[{""date"": ""2015-08-07"", ""type"": ""ma200_cross"", ""price"": 8250.0}, {""date"": ""2015-09-01"", ""type"": ""52w_high"", ""price"": 12300.0}, {""date"": ""2015-09-09"", ""type"": ""52w_high"", ""price"": 18300.0}, {""date"": ""2015-12-07"", ""type"": ""52w_high"", ""price"": 19170.0}, {""date"": ""2015-12-09"", ""type"": ""52w_high"", ""price"": 19800.0}, {""date"": ""2015-12-11"", ""type"": ""52w_high"", ""price"": 28050.0}]",28.27,,0.040799998,2.52,"[{""date"": ""2014-12-19"", ""volume_ratio"": 3.0, ""price"": 4500.0, ""change_pct"": 11.11}, {""date"": ""2014-12-22"", ""volume_ratio"": 4.35, ""price"": 5400.0, ""change_pct"": 20.0}, {""date"": ""2014-12-26"", ""volume_ratio"": 8.5, ""price"": 3960.0, ""change_pct"": -24.57}, {""date"": ""2015-01-29"", ""volume_ratio"": 5.41, ""price"": 6000.0, ""change_pct"": 6.38}, {""date"": ""2015-03-03"", ""volume_ratio"": 3.75, ""price"": 10350.0, ""change_pct"": 3.29}, {""date"": ""2015-04-13"", ""volume_ratio"": 5.85, ""price"": 11700.0, ""change_pct"": 14.71}, {""date"": ""2015-04-24"", ""volume_ratio"": 3.9, ""price"": 10800.0, ""change_pct"": 20.0}, {""date"": ""2015-08-07"", ""volume_ratio"": 7.74, ""price"": 8250.0, ""change_pct"": 37.5}, {""date"": ""2015-09-01"", ""volume_ratio"": 4.57, ""price"": 12300.0, ""change_pct"": 28.12}, {""date"": ""2015-09-09"", ""volume_ratio"": 5.54, ""price"": 18300.0, ""change_pct"": 49.51}]",0.62
10,BILI,2020-01-24,2021-01-25,21.82,134.27,515.35,7351673759.0,Communication Services,Internet Content & Information,2021-01-25,134.27,515.35,13.44,1.29,No,29.9,"[{""date"": ""2020-11-19"", ""volume_ratio"": 4.04, ""price_breakout_type"": ""52w_high"", ""price"": 58.46}]",2.5998,0,236,300,22.51,2020-11-19,58.46,2020-08-26,52w_high,2020-11-19,4.04,No,0.090150006,12.51,"{""M01"": 21.2171, ""M02"": 18.3768, ""M03"": 18.2438, ""M04"": 17.7133, ""M05"": 15.7041, ""M06"": 14.9875, ""M07"": 16.0795, ""M08"": 14.1764, ""M09"": 14.7735, ""M10"": 14.547, ""M11"": 16.6345, ""M12"": 17.7024}",67.49,"[{""date"": ""2020-08-26"", ""type"": ""52w_high"", ""price"": 48.72}, {""date"": ""2020-09-01"", ""type"": ""52w_high"", ""price"": 52.25}, {""date"": ""2020-11-19"", ""type"": ""52w_high"", ""price"": 58.46}, {""date"": ""2020-11-27"", ""type"": ""52w_high"", ""price"": 64.86}, {""date"": ""2020-12-04"", ""type"": ""52w_high"", ""price"": 67.79}, {""date"": ""2020-12-10"", ""type"": ""52w_high"", ""price"": 75.71}, {""date"": ""2020-12-16"", ""type"": ""52w_high"", ""price"": 78.83}, {""date"": ""2020-12-30"", ""type"": ""52w_high"", ""price"": 94.35}, {""date"": ""2021-01-04"", ""type"": ""52w_high"", ""price"": 94.74}, {""date"": ""2021-01-13"", ""type"": ""52w_high"", ""price"": 119.31}]",20.76,129.68,0.046,18.63,"[{""date"": ""2020-11-19"", ""volume_ratio"": 4.04, ""price"": 58.46, ""change_pct"": 22.17}]",1.03
2,ALAB,2024-09-09,2025-09-11,38.03,232.9,512.41,6518643920.0,Technology,Semiconductors,2025-09-11,232.9,512.41,36.37,0.81,No,18.92,[],5.4497,0,0,,40.0,,,2025-05-12,ma200_cross,2024-10-09,3.46,No,0.83461,21.43,"{""M03"": 74.0957, ""M04"": 72.8014, ""M05"": 72.1555, ""M06"": 62.1237, ""M07"": 53.3493, ""M08"": 41.6161, ""M09"": 40.6225}",9.98,"[{""date"": ""2025-05-12"", ""type"": ""ma200_cross"", ""price"": 80.28}, {""date"": ""2025-08-06"", ""type"": ""52w_high"", ""price"": 174.39}, {""date"": ""2025-08-08"", ""type"": ""52w_high"", ""price"": 179.28}, {""date"": ""2025-09-08"", ""type"": ""52w_high"", ""price"": 216.1}, {""date"": ""2025-09-10"", ""type"": ""52w_high"", ""price"": 230.37}]",-42.62,,0.111099996,20.85,"[{""date"": ""2024-10-09"", ""volume_ratio"": 3.46, ""price"": 61.22, ""change_pct"": 15.6}, {""date"": ""2024-11-05"", ""volume_ratio"": 4.72, ""price"": 95.91, ""change_pct"": 37.7}]",0.93
1,AA,2020-05-15,2021-05-17,6.3511,38.7931,510.81,1675990985.0,Basic Materials,Aluminum,2021-05-11,39.4034,520.42,5.2258,0.53,No,24.8,[],4.3291,48,157,,6.4941,,,2020-12-01,52w_high,,,No,0.8707,28.22,"{""M01"": 17.1842, ""M02"": 14.5928, ""M03"": 7.8734, ""M04"": 6.9214, ""M05"": 15.0735, ""M06"": 21.0725, ""M07"": 21.8707, ""M08"": 17.674, ""M09"": 19.9482, ""M10"": 19.1076, ""M11"": 20.3082, ""M12"": 19.8956}",24.27,"[{""date"": ""2020-12-01"", ""type"": ""52w_high"", ""price"": 20.8174}, {""date"": ""2020-12-04"", ""type"": ""52w_high"", ""price"": 22.6293}, {""date"": ""2020-12-10"", ""type"": ""52w_high"", ""price"": 22.8963}, {""date"": ""2021-01-06"", ""type"": ""52w_high"", ""price"": 24.0407}, {""date"": ""2021-02-24"", ""type"": ""52w_high"", ""price"": 25.9383}, {""date"": ""2021-03-02"", ""type"": ""52w_high"", ""price"": 26.2244}, {""date"": ""2021-03-10"", ""type"": ""52w_high"", ""price"": 30.4966}, {""date"": ""2021-03-26"", ""type"": ""52w_high"", ""price"": 31.2595}, {""date"": ""2021-03-30"", ""type"": ""52w_high"", ""price"": 31.4407}, {""date"": ""2021-04-14"", ""type"": ""52w_high"", ""price"": 31.8412}]",-66.31,,0.0227,47.85,[],1.76
48,PTON,2019-10-14,2020-10-13,21.47,130.97,510.01,8956322165.0,Consumer Cyclical,Leisure,2020-10-13,130.97,510.01,,0.2,No,26.61,[],,,,,,,,2020-09-25,52w_high,2020-02-24,4.4,No,0.96307,,,,"[{""date"": ""2020-09-25"", ""type"": ""52w_high"", ""price"": 97.73}, {""date"": ""2020-09-29"", ""type"": ""52w_high"", ""price"": 100.47}, {""date"": ""2020-10-01"", ""type"": ""52w_high"", ""price"": 105.2}, {""date"": ""2020-10-09"", ""type"": ""52w_high"", ""price"": 123.02}]",,,0.1348,21.39,"[{""date"": ""2020-02-24"", ""volume_ratio"": 4.4, ""price"": 26.5, ""change_pct"": 3.96}, {""date"": ""2020-09-08"", ""volume_ratio"": 3.17, ""price"": 85.6, ""change_pct"": 6.16}]",
24,EXEL,2016-03-15,2017-03-15,3.78,22.8,503.17,950122214.0,Healthcare,Biotechnology,2017-02-17,23.12,511.64,2.49,0.59,No,13.82,[],5.0515,252,252,,4.22,,,2016-11-10,52w_high,2016-08-04,3.92,No,1.12835,10.53,"{""M01"": 4.6295, ""M02"": 4.1875, ""M03"": 3.2759, ""M04"": 2.9433, ""M05"": 3.2215, ""M06"": 3.5727, ""M07"": 4.5832, ""M08"": 5.8219, ""M09"": 5.959, ""M10"": 5.7882, ""M11"": 5.7795, ""M12"": 5.2364}",69.48,"[{""date"": ""2016-11-10"", ""type"": ""52w_high"", ""price"": 15.74}, {""date"": ""2016-11-18"", ""type"": ""52w_high"", ""price"": 16.96}, {""date"": ""2016-12-02"", ""type"": ""52w_high"", ""price"": 17.37}, {""date"": ""2017-01-10"", ""type"": ""52w_high"", ""price"": 18.91}, {""date"": ""2017-02-03"", ""type"": ""52w_high"", ""price"": 20.26}, {""date"": ""2017-02-07"", ""type"": ""52w_high"", ""price"": 20.57}, {""date"": ""2017-02-16"", ""type"": ""52w_high"", ""price"": 22.65}]",44.78,,0.15100001,19.69,"[{""date"": ""2016-08-04"", ""volume_ratio"": 3.92, ""price"": 11.07, ""change_pct"": 17.89}]",0.99
